Number_PDB_Entry,Name,Small_Fragment_Entry,PDB_ID
418,Beta-secretase 1,1,1fkn 1m4h 1py1 1sgz 1tqf 1ujj 1ujk 1w50 1w51 1xn2 1xn3 1xs7 1ym2 1ym4 2b8l 2b8v 2f3e 2f3f 2fdp 2g94 2hiz 2hm1 2iqg 2irz 2is0 2ntr 2oah 2of0 2ohk 2ohl 2ohm 2ohn 2ohp 2ohq 2ohr 2ohs 2oht 2ohu 2p4j 2p83 2p8h 2ph6 2ph8 2q11 2q15 2qk5 2qmd 2qmf 2qmg 2qp8 2qu2 2qu3 2qzk 2qzl 2va5 2va6 2va7 2vie 2vij 2viy 2viz 2vj6 2vj7 2vj9 2vkm 2vnm 2vnn 2wez 2wf0 2wf1 2wf2 2wf3 2wf4 2wjo 2xfi 2xfj 2xfk 2zdz 2ze1 2zhr 2zhs 2zht 2zhu 2zhv 2zjh 2zji 2zjj 2zjk 2zjl 2zjm 2zjn 3bra 3buf 3bug 3buh 3cib 3cic 3cid 3ckp 3ckr 3dm6 3duy 3dv1 3dv5 3exo 3fkt 3h0b 3hvg 3hw1 3i25 3igb 3in3 3in4 3ind 3ine 3inf 3inh 3ivh 3ivi 3ixj 3ixk 3k5c 3k5d 3k5f 3k5g 3kmx 3kmy 3kn0 3kyr 3l38 3l3a 3l58 3l59 3l5b 3l5c 3l5d 3l5e 3l5f 3lhg 3lnk 3lpi 3lpj 3lpk 3msj 3msk 3msl 3n4l 3nsh 3ohf 3ohh 3ooz 3pi5 3qbh 3qi1 3r1g 3r2f 3rsv 3rsx 3rth 3rtm 3rtn 3ru1 3rvi 3s2o 3s7l 3s7m 3skf 3skg 3tpj 3tpl 3tpp 3tpr 3u6a 3udh 3udj 3udk 3udm 3udn 3udp 3udq 3udr 3udy 3ufl 3uqp 3uqr 3uqu 3uqw 3uqx 3veu 3vf3 3vg1 3vv6 3vv7 3vv8 3wb4 3wb5 3zmg 3zov 4acu 4acx 4azy 4b00 4b05 4b0q 4b1c 4b1d 4b1e 4b70 4b72 4b77 4b78 4bek 4bfd 4d83 4d85 4d88 4d89 4d8c 4dh6 4di2 4dju 4djv 4djw 4djx 4djy 4dpf 4dpi 4dus 4dv9 4dvf 4ewo 4exg 4fco 4fgx 4fm7 4fm8 4fri 4frj 4frk 4frs 4fs4 4fse 4fsl 4gid 4gmi 4h1e 4h3f 4h3g 4h3i 4h3j 4ha5 4hzt 4i0d 4i0e 4i0f 4i0g 4i0h 4i0i 4i0j 4i0z 4i10 4i11 4i12 4i1c 4ivs 4ivt 4j0p 4j0t 4j0v 4j0y 4j0z 4j17 4j1c 4j1e 4j1f 4j1h 4j1i 4j1k 4joo 4jp9 4jpc 4jpe 4k8s 4k9h 4ke0 4ke1 4l7g 4l7h 4l7j 4lc7 4lxa 4lxk 4lxm 4n00 4pzw 4pzx 4r5n 4r8y 4r91 4r92 4r93 4r95 4rcd 4rce 4rcf 4rrn 4rro 4rrs 4trw 4try 4trz 4wtu 4wy1 4wy6 4x2l 4x7i 4xkx 4xxs 4ybi 4zpe 4zpf 4zpg 4zsm 4zsp 4zsq 4zsr 5clm 5dqc 5enk 5enm 5ezx 5ezz 5f00 5f01 5hd0 5hdu 5hdv 5hdx 5hdz 5he4 5he5 5he7 5htz 5hu0 5hu1 5i3v 5i3w 5i3x 5i3y 5ie1 5kqf 5kr8 5mbw 5mco 5mcq 5mxd 5qco 5qcp 5qcq 5qcr 5qcs 5qct 5qcu 5qcv 5qcw 5qcx 5qcy 5qcz 5qd0 5qd1 5qd2 5qd3 5qd4 5qd5 5qd6 5qd7 5qd8 5qd9 5qda 5qdb 5qdc 5qdd 5t1u 5t1w 5tol 5uyu 5v0n 5ygx 5ygy 6bfd 6bfe 6bfw 6bfx 6c2i 6dhc 6dmi 6e3z 6ej2 6ej3 6eqm 6fgy 6jse 6jsf 6jsg 6jsn 6jt3 6jt4 6nv7 6nv9 6nw3 6od6 6pz4 6uvp 6uvv 6uvy 6uwp 6uwv 6wny
356,"HLA class I histocompatibility antigen, A alpha chain",1,1akj 1ao7 1aqd 1b0g 1b0r 1bd2 1duy 1duz 1eey 1eez 1hhg 1hhh 1hhi 1hhj 1hhk 1hla 1hsb 1i1f 1i1y 1i4f 1i7r 1i7t 1i7u 1im3 1jf1 1jht 1lp9 1oga 1p7q 1q94 1qew 1qr1 1qrn 1qse 1qsf 1qvo 1s8d 1s9w 1s9x 1s9y 1t1w 1t1x 1t1y 1t1z 1t20 1t21 1t22 1tmc 1tvb 1tvh 1ur7 1w72 1x7q 2av1 2av7 2bck 2bnq 2bnr 2c7u 2clr 2f53 2f54 2git 2gj6 2gt9 2gtw 2gtz 2guo 2hla 2hn7 2j8u 2jcc 2p5e 2p5w 2pye 2uwe 2v2w 2v2x 2vlj 2vlk 2vll 2vlr 2x4n 2x4o 2x4p 2x4q 2x4r 2x4s 2x4t 2x4u 2x70 2xpg 3bgm 3bh8 3bh9 3bhb 3bo8 3d25 3d39 3d3v 3fqn 3fqr 3fqt 3fqu 3fqw 3fqx 3ft2 3ft3 3ft4 3giv 3gjf 3gsn 3gso 3gsq 3gsr 3gsu 3gsv 3gsw 3gsx 3h7b 3h9h 3h9s 3hae 3hla 3hpj 3i6g 3i6k 3i6l 3ixa 3kla 3mgo 3mgt 3mr9 3mrb 3mrc 3mrd 3mre 3mrf 3mrg 3mrh 3mri 3mrj 3mrk 3mrl 3mrm 3mrn 3mro 3mrp 3mrq 3mrr 3myj 3nfn 3o3a 3o3b 3o3d 3o3e 3o4l 3pwj 3pwl 3pwn 3pwp 3qdg 3qdj 3qdm 3qeq 3qfd 3qfj 3qzw 3rew 3rl1 3rl2 3to2 3utq 3uts 3utt 3v5d 3v5h 3v5k 3vxm 3vxn 3vxo 3vxp 3vxr 3vxs 3vxu 3w0w 3wl9 3wlb 4e5x 4emz 4en2 4eup 4f7m 4f7p 4f7t 4ftv 4gkn 4gks 4hwz 4hx1 4i48 4i4w 4jfd 4jfe 4jff 4jfo 4jfp 4jfq 4k7f 4l29 4l3c 4l3e 4mj5 4mj6 4mnq 4n8v 4nnx 4nny 4no0 4no2 4no3 4no5 4nqv 4nqx 4ov5 4qok 4u6x 4u6y 4uq2 4uq3 4wj5 4wu5 4wu7 4wuu 5brz 5bs0 5c07 5c08 5c09 5c0a 5c0b 5c0c 5c0d 5c0e 5c0f 5c0g 5c0i 5c0j 5d2l 5d2n 5d9s 5ddh 5e00 5e6i 5e9d 5enw 5eot 5eu3 5eu4 5eu5 5eu6 5euo 5f7d 5f9j 5fa3 5fa4 5fdw 5grd 5grg 5gsd 5hga 5hgb 5hgd 5hgh 5hhm 5hhn 5hho 5hhp 5hhq 5hyj 5iro 5isz 5jhd 5jzi 5men 5meo 5mep 5meq 5mer 5n1y 5n6b 5nht 5nme 5nmf 5nmg 5nmh 5nmk 5nqk 5swq 5tez 5w1w 5wjl 5wjn 5wkf 5wkh 5wsh 5wwi 5wwj 5wwu 5wxc 5wxd 5xov 5yxn 5yxu 6am5 6amt 6amu 6apn 6at9 6d78 6d7g 6dkp 6ei2 6eny 6eqa 6eqb 6ewa 6ewc 6ewo 6g3j 6g3k 6id4 6j1w 6j29 6j2a 6joz 6jp3 6mpp 6nca 6o9b 6o9c 6opd 6pbh 6ptb 6pte 6q3k 6q3s 6r2l 6rp9 6rpa 6rpb 6rsy 6ss7 6ss8 6ss9 6ssa
296,Estrogen receptor,12,1a52 1akf 1ere 1err 1g50 1gwq 1gwr 1hcp 1hcq 1l2i 1pcg 1qkt 1qku 1r5k 1sj0 1uom 1x7e 1x7r 1xp1 1xp6 1xp9 1xpc 1xqc 1yim 1yin 1zky 2ayr 2b1v 2b1z 2b23 2bj4 2fai 2g44 2g5o 2i0j 2iog 2iok 2jf9 2jfa 2llo 2llq 2ocf 2ouz 2p15 2pog 2q6j 2q70 2qa6 2qa8 2qab 2qe4 2qgt 2qgw 2qh6 2qr9 2qse 2qxm 2qxs 2qzo 2r6w 2r6y 2yat 2yja 3cbm 3cbo 3cbp 3dt3 3erd 3ert 3hlv 3hm1 3l03 3os8 3os9 3osa 3q95 3uu7 3uua 3uuc 3uud 4aa6 4dma 4iu7 4iui 4iv2 4iv4 4ivw 4ivy 4iw6 4iw8 4iwc 4iwf 4jc3 4jdd 4mg5 4mg6 4mg7 4mg8 4mg9 4mga 4mgb 4mgc 4mgd 4o6f 4pp6 4ppp 4pps 4pxm 4q13 4q50 4tuz 4tv1 4xi3 4zn7 4zn9 4znh 4zns 4znt 4znu 4znv 4znw 5aau 5aav 5acc 5ak2 5di7 5did 5die 5dig 5dk9 5dkb 5dke 5dkg 5dks 5dl4 5dlr 5dmc 5dmf 5dp0 5drj 5drm 5dtv 5du5 5due 5dug 5duh 5dvs 5dvv 5dwe 5dwg 5dwi 5dwj 5dx3 5dxb 5dxe 5dxg 5dxk 5dxm 5dxp 5dxq 5dxr 5dy8 5dyb 5dyd 5dz0 5dz1 5dz3 5dzh 5dzi 5e0w 5e0x 5e14 5e15 5e19 5e1c 5egv 5ehj 5ei1 5eit 5fqp 5fqr 5fqs 5fqt 5fqv 5gs4 5gtr 5hyr 5jmm 5kcc 5kcd 5kce 5kcf 5kct 5kcu 5kcw 5kd9 5kr9 5kra 5krc 5krf 5krh 5kri 5krj 5krk 5krl 5krm 5kro 5n10 5t0x 5t1z 5t92 5t97 5tld 5tlf 5tlg 5tll 5tlm 5tlo 5tlp 5tlt 5tlu 5tlv 5tlx 5tly 5tm1 5tm2 5tm3 5tm4 5tm5 5tm6 5tm7 5tm8 5tm9 5tml 5tmm 5tmo 5tmq 5tmr 5tms 5tmt 5tmu 5tmv 5tmw 5tmz 5tn1 5tn3 5tn4 5tn5 5tn6 5tn7 5tn8 5tn9 5tnb 5u2b 5u2d 5ufw 5ufx 5w9c 5w9d 5wgd 5wgq 6b0f 6c42 6cbz 6chw 6chz 6czn 6d0f 6df6 6dfn 6hhp 6hkb 6hkf 6hmu 6iar 6owc 6pet 6pfm 6pit 6psj 6sbo 6sq0 6suo 6tjm 6tl3 6v87 6v8t 6vgh 6vig 6vj1 6vjd 6vmu 6vnn 6vpk 6vvp 6wok
213,"HLA class I histocompatibility antigen, B alpha chain",0,1a1m 1a1n 1a1o 1a9b 1a9e 1agb 1agc 1agd 1age 1agf 1cg9 1e27 1e28 1hsa 1jgd 1jge 1k5n 1m05 1m6o 1mi5 1n2r 1of2 1ogt 1sys 1syv 1uxs 1uxw 1w0v 1w0w 1xh3 1xr8 1xr9 1zhk 1zhl 1zsd 2a83 2ak4 2axf 2axg 2bsr 2bss 2bst 2bvo 2bvp 2bvq 2h6p 2hjl 2nw3 2nx5 2rfx 2ypk 2ypl 3b3i 3b6s 3bp4 3bp7 3bw9 3bwa 3c9n 3czf 3d18 3dtx 3dx6 3dx7 3dx8 3dxa 3ffc 3hcv 3kpl 3kpm 3kpn 3kpo 3kpp 3kpq 3kpr 3kps 3kww 3kxf 3l3d 3l3g 3l3i 3l3j 3l3k 3lkn 3lko 3lkp 3lkq 3lkr 3lks 3ln4 3ln5 3lv3 3mv7 3mv8 3mv9 3sjv 3skm 3sko 3spv 3upr 3vcl 3vfs 3vft 3vfu 3vfv 3vfw 3vh8 3vri 3vrj 3w39 3wuw 3x11 3x12 3x13 3x14 4g8g 4g8i 4g9d 4g9f 4jqv 4jqx 4lcy 4lnr 4mji 4o2c 4o2e 4o2f 4pr5 4prn 4qrp 4qrq 4qrr 4qrs 4qrt 4qru 4u1h 4u1i 4u1j 4u1k 4u1l 4u1m 4u1n 4u1s 4xxc 5b38 5b39 5def 5deg 5eo0 5eo1 5ib1 5ib2 5ib3 5ib4 5ib5 5ieh 5iek 5im7 5inc 5ind 5t6w 5t6x 5t6y 5t6z 5t70 5txs 5u98 5v5l 5v5m 5vud 5vue 5vuf 5vwd 5vwf 5vwh 5vwj 5vz5 5wmn 5wmo 5wmp 5wmq 5wmr 5xos 5xot 6at5 6avf 6avg 6bj2 6bj3 6bj8 6bxp 6bxq 6d29 6d2b 6d2r 6d2t 6mt3 6mt4 6mt5 6mt6 6mtl 6mtm 6p23 6p27 6p2c 6p2f 6p2s 6pyj 6pyl 6pyv 6pyw 6pz5 6vmx
213,Epidermal growth factor receptor,2,1dnq 1dnr 1ivo 1m14 1m17 1mox 1nql 1xkk 1yy9 1z9i 2eb2 2eb3 2exp 2exq 2gs2 2gs6 2gs7 2itn 2ito 2itp 2itq 2itt 2itu 2itv 2itw 2itx 2ity 2itz 2j5e 2j5f 2j6m 2jit 2jiu 2jiv 2ks1 2m0b 2m20 2n5s 2rf9 2rfd 2rfe 2rgp 3b2u 3b2v 3bel 3buo 3c09 3g5v 3g5y 3gop 3gt8 3ika 3lzb 3njp 3ob2 3op0 3p0y 3pfv 3poz 3qwq 3ug1 3ug2 3vjn 3vjo 3vrp 3vrr 3w2o 3w2p 3w2q 3w2r 3w2s 3w32 3w33 4g5j 4g5p 4hjo 4i1z 4i20 4i21 4i22 4i23 4i24 4jq7 4jq8 4jr3 4jrv 4krl 4krm 4kro 4krp 4li5 4ll0 4lqm 4lrm 4r3p 4r3r 4r5s 4riw 4rix 4riy 4rj4 4rj5 4rj6 4rj7 4rj8 4tks 4uip 4uv7 4wd5 4wkq 4wrg 4zau 4zjv 4zse 5c8k 5c8m 5c8n 5cal 5can 5cao 5cap 5caq 5cas 5cau 5cav 5cnn 5cno 5czh 5czi 5d41 5edp 5edq 5edr 5em5 5em6 5em7 5em8 5fed 5fee 5feq 5gmp 5gnk 5gty 5gtz 5hcx 5hcy 5hcz 5hg5 5hg7 5hg8 5hg9 5hib 5hic 5j9y 5j9z 5jeb 5lv6 5sx4 5sx5 5u8l 5ug8 5ug9 5uga 5ugb 5ugc 5uwd 5wb7 5wb8 5x26 5x27 5x28 5x2a 5x2c 5x2f 5x2k 5xdk 5xdl 5xgm 5xgn 5xwd 5y25 5y9t 5yu9 5zto 5zwj 6aru 6b3s 6d8e 6duk 6jrj 6jrk 6jrx 6jwl 6jx0 6jx4 6jxt 6jz0 6p1d 6p1l 6p8q 6s89 6s8a 6s9b 6s9c 6s9d 6v5n 6v5p 6v66 6v6k 6v6o 6vh4 6vhn 6vhp
151,Histo-blood group ABO system transferase,0,1lz0 1lz7 1lzi 1lzj 1r7t 1r7u 1r7v 1r7x 1r7y 1r80 1r81 1r82 1wsz 1wt0 1wt1 1wt2 1wt3 1xz6 1zhj 1zi1 1zi3 1zi4 1zi5 1ziz 1zj0 1zj1 1zj2 1zj3 1zjo 1zjp 2a8u 2a8w 2i7b 2o1f 2o1g 2o1h 2pgv 2pgy 2rit 2rix 2riy 2riz 2rj0 2rj1 2rj4 2rj5 2rj6 2rj7 2rj8 2rj9 2y7a 3i0c 3i0d 3i0e 3i0f 3i0g 3i0h 3i0i 3i0j 3i0k 3i0l 3ioh 3ioi 3ioj 3sx3 3sx5 3sx7 3sx8 3sxa 3sxb 3sxc 3sxd 3sxe 3sxg 3u0x 3u0y 3v0l 3v0m 3v0n 3v0o 3v0p 3v0q 3zgf 3zgg 4c2s 4fqw 4fra 4frb 4frd 4fre 4frh 4frl 4frm 4fro 4frp 4frq 4gbp 4kc1 4kc2 4kc4 4kxo 4y62 4y63 4y64 5bxc 5c1g 5c1h 5c1l 5c36 5c38 5c3a 5c3b 5c3d 5c47 5c48 5c49 5c4b 5c4c 5c4d 5c4e 5c4f 5c8r 5cmf 5cmg 5cmh 5cmi 5cmj 5cql 5cqm 5cqn 5cqo 5cqp 5m79 5m7a 5m7b 5m7c 5m7d 5tjk 5tjl 5tjn 5tjo 6bji 6bjj 6bjk 6bjl 6bjm 6gwy 6gwz 6gx0 6gx1 6gx2
149,Amyloid-beta precursor protein,44,1aap 1amb 1amc 1aml 1ba4 1ba6 1bjb 1bjc 1brc 1ca0 1hz3 1iyt 1mwp 1owt 1qcm 1qwp 1qxc 1qyt 1taw 1tkn 1uo7 1uo8 1uoa 1uoi 1x11 1z0q 1ze7 1ze9 1zjd 2beg 2bom 2bp4 2fjz 2fk1 2fk2 2fk3 2fkl 2fma 2g47 2ipu 2lfm 2llm 2lmn 2lmo 2lmp 2lmq 2lnq 2loh 2lp1 2lz3 2lz4 2m4j 2m9r 2m9s 2mgt 2mj1 2mpz 2mvx 2mxu 2nao 2otk 2r0w 2wk3 2y29 2y2a 2y3j 2y3k 2y3l 3ayu 3bae 3bkj 3dxc 3dxd 3dxe 3gci 3ifl 3ifn 3ifo 3ifp 3jq5 3jql 3jti 3ktm 3l33 3l81 3moq 3mxc 3mxy 3nyj 3nyl 3ovj 3ow9 3pzz 3q2x 3sv1 3u0t 3umh 3umi 3umk 4hix 4jfn 4m1c 4mdr 4mvi 4mvk 4mvl 4nge 4ojf 4onf 4ong 4pqd 4pwq 4xxd 5aef 5am8 5amb 5buo 5c67 5csz 5how 5hox 5hoy 5kk3 5lfy 5lv0 5my4 5myo 5myx 5onp 5onq 5oqv 5txd 5vos 5vzy 5w3p 6co3 6gfi 6itu 6iyc 6nb9 6o4j 6oc9 6oiz 6rhy 6shs 6ti5 6ti6 6ti7 6wxm
105,"HLA class II histocompatibility antigen, DR alpha chain",0,1a6a 1aqd 1bx2 1d5m 1d5x 1d5z 1d6e 1dlh 1fv1 1fyt 1h15 1hqr 1hxy 1j8h 1jwm 1jws 1jwu 1kg0 1klg 1klu 1lo5 1pyw 1r5i 1seb 1sje 1sjh 1t5w 1t5x 1ymm 1zgl 2fse 2g9h 2iam 2ian 2icw 2ipk 2oje 2q6w 2seb 2wbj 2xn9 3c5j 3l6f 3o6f 3pdo 3pgc 3pgd 3qxa 3qxd 3s4s 3s5l 3t0e 4aen 4ah2 4c56 4e41 4fqx 4gbx 4h1l 4h25 4h26 4i5b 4is6 4mcy 4mcz 4md0 4md4 4md5 4mdi 4mdj 4ov5 4x5w 4x5x 4y19 4y1a 5jlz 5lax 5ni9 5nig 5v4m 5v4n 6atf 6ati 6atz 6bij 6bil 6bin 6bir 6biv 6bix 6biy 6biz 6cpl 6cpn 6cpo 6cqj 6cql 6cqn 6cqq 6cqr 6nix 6qza 6qzc 6qzd 6r0e
104,Dipeptidyl peptidase 4,0,1j2e 1n1m 1nu6 1nu8 1pfq 1r9m 1r9n 1rwq 1tk3 1tkr 1u8e 1w1i 1wcy 1x70 2ajl 2bgn 2bgr 2bub 2fjp 2g5p 2g5t 2g63 2hha 2i03 2i78 2iit 2iiv 2jid 2oag 2ogz 2ole 2onc 2oph 2oqi 2oqv 2p8s 2qjr 2qky 2qoe 2qt9 2qtb 2rgu 2rip 3bjm 3c43 3c45 3ccb 3ccc 3d4l 3eio 3f8s 3g0b 3g0c 3g0d 3g0g 3h0c 3hab 3hac 3kwf 3kwj 3nox 3o95 3o9v 3oc0 3opm 3q0t 3q8w 3qbj 3sww 3sx4 3vjk 3vjl 3vjm 3w2t 3wqh 4a5s 4dsa 4dsz 4dtc 4g1f 4j3j 4jh0 4kr0 4l72 4lko 4n8d 4n8e 4pnz 4pv7 4qzv 5i7u 5ism 5j3j 5kby 5t4b 5t4e 5t4f 5t4h 5y7h 5y7j 5y7k 5zid 6b1e 6b1o
100,Induced myeloid leukemia cell differentiation protein Mcl-1,0,2kbw 2mhs 2nl9 2nla 2pqk 3d7v 3io9 3kj0 3kj1 3kj2 3kz0 3mk8 3pk1 3twu 3wix 3wiy 4bpi 4bpj 4hw2 4hw3 4hw4 4oq5 4oq6 4wgi 4wmr 4wms 4wmt 4wmu 4wmv 4wmw 4wmx 4zbf 4zbi 5c3f 5c6h 5fc4 5fdo 5fdr 5iez 5if4 5jsb 5ku9 5lof 5mes 5mev 5uum 5vkc 5vx2 5w89 5w8f 6b4l 6b4u 6bw2 6bw8 6fs0 6fs1 6fs2 6mbd 6mbe 6ne5 6o4u 6o6f 6o6g 6oqb 6oqc 6oqd 6oqn 6ovc 6p3p 6qb3 6qb4 6qb6 6qfc 6qfi 6qfm 6qfq 6qgd 6qxj 6qyk 6qyl 6qyn 6qyo 6qyp 6qz5 6qz6 6qz7 6qz8 6qzb 6u63 6u64 6u65 6u67 6u6f 6ud2 6udi 6udt 6udu 6udv 6udx 6udy
92,"HLA class II histocompatibility antigen, DRB1 beta chain",0,1a6a 1aqd 1bx2 1d5m 1d5x 1d5z 1d6e 1dlh 1fyt 1hxy 1j8h 1jwm 1jws 1jwu 1kg0 1klg 1klu 1lo5 1pyw 1r5i 1seb 1sje 1sjh 1t5w 1t5x 1ymm 2fse 2g9h 2iam 2ian 2icw 2ipk 2oje 2seb 2wbj 2xn9 3l6f 3o6f 3pdo 3pgc 3pgd 3qxa 3qxd 3s4s 3s5l 3t0e 4aen 4ah2 4c56 4e41 4fqx 4gbx 4i5b 4is6 4mcy 4mcz 4md0 4md4 4md5 4mdi 4mdj 4ov5 4x5w 4x5x 4y19 4y1a 5jlz 5lax 5ni9 5nig 6bij 6bil 6bin 6bir 6biv 6bix 6biy 6biz 6cpl 6cpn 6cpo 6cqj 6cql 6cqn 6cqq 6cqr 6hby 6nix 6qza 6qzc 6qzd 6r0e
85,Hepatocyte growth factor receptor,1,1fyr 1r0p 1r1w 1shy 1ssl 1ux3 2g15 2rfn 2rfs 2uzx 2uzy 2wd1 2wgj 2wkm 3a4p 3bux 3c1x 3ccn 3cd8 3ce3 3cth 3ctj 3dkc 3dkf 3dkg 3efj 3efk 3f66 3f82 3i5n 3l8v 3lq8 3q6u 3q6w 3qti 3r7o 3rhk 3u6h 3u6i 3vw8 3zbx 3zc5 3zcl 3zxz 3zze 4aoi 4ap7 4deg 4deh 4dei 4eev 4gg5 4gg7 4iwd 4k3j 4knb 4mxc 4o3t 4o3u 4r1v 4r1y 4xmo 4xyf 5dg5 5eob 5eyc 5eyd 5hlw 5hni 5ho6 5hoa 5hor 5hti 5lsp 5t3q 5uab 5uad 5ya5 6gcu 6i04 6sd9 6sdc 6sdd 6sde 6ubw
83,Bcl-2-like protein 1,0,1bxl 1g5j 1lxl 1maz 1r2d 1r2e 1r2g 1r2h 1r2i 1ysg 1ysi 1ysn 2b48 2lp8 2lpc 2m03 2m04 2me8 2me9 2mej 2o1y 2o2m 2o2n 2p1l 2pon 2yj1 2yq6 2yq7 2yxj 3cva 3fdl 3fdm 3inq 3io8 3pl7 3qkd 3r85 3sp7 3spf 3wiz 3zk6 3zln 3zlo 3zlr 4a1u 4a1w 4aq3 4bpk 4c52 4c5d 4cin 4ehr 4hnj 4ieh 4ppi 4qve 4qvf 4qvx 4tuh 4z9v 5agw 5agx 5b1z 5c3g 5fmj 5fmk 5vay 5vx3 6bf2 6dcn 6dco 6f46 6hjl 6ijq 6o0k 6o0l 6o0m 6o0o 6o0p 6rnu 6x7i 6zhc 7ca4
80,Glutamate carboxypeptidase 2,0,1z8l 2c6c 2c6g 2c6p 2cij 2jbj 2jbk 2oot 2or4 2pvv 2pvw 2xef 2xeg 2xei 2xej 3bhx 3bi0 3bi1 3bxm 3d7d 3d7f 3d7g 3d7h 3iww 3rbu 3sje 3sjf 3sjg 3sjx 4jyw 4jz0 4lqg 4mcp 4mcq 4mcr 4mcs 4ngm 4ngn 4ngp 4ngq 4ngr 4ngs 4ngt 4oc0 4oc1 4oc2 4oc3 4oc4 4oc5 4ome 4p44 4p45 4p4b 4p4d 4p4e 4p4f 4p4i 4p4j 4w9y 4x3r 5d29 5ely 5f09 5o5r 5o5t 5o5u 5of0 6ety 6ez9 6f5l 6fe5 6h7y 6h7z 6hkj 6hkz 6rbc 6rti 6s1x 6sgp 6skh
77,Ephrin type-A receptor 2,0,1mqb 2e8n 2k9y 2kso 2x10 2x11 3c8x 3czu 3fl7 3hei 3hpn 3kka 3mbw 3mx0 3skj 4p2k 4pdo 4trl 5ek7 5i9u 5i9v 5i9w 5i9x 5i9y 5i9z 5ia0 5ia1 5ia2 5ia3 5ia4 5ia5 5njz 5nk0 5nk1 5nk2 5nk3 5nk4 5nk5 5nk6 5nk7 5nk8 5nk9 5nka 5nkb 5nkc 5nkd 5nke 5nkf 5nkg 5nkh 5nki 5nz9 6b9l 6f7m 6f7n 6fnf 6fng 6fnh 6hes 6het 6heu 6hev 6hew 6hex 6hey 6njz 6nk0 6nk1 6nk2 6nkp 6q7b 6q7c 6q7d 6q7e 6q7f 6q7g 6rw2
73,Integrin beta-3,2,1jv2 1kup 1kuz 1l5g 1m1x 1m8o 1miz 1mk7 1mk9 1rn0 1s4x 1tye 1u8c 2ini 2k9j 2knc 2kv9 2l1c 2l91 2ljd 2lje 2ljf 2mtp 2n9y 2q6w 2rmz 2rn0 2vc2 2vdk 2vdl 2vdm 2vdn 2vdo 2vdp 2vdq 2vdr 3fcs 3fcu 3ije 3nid 3nif 3nig 3t3m 3t3p 3zdx 3zdy 3zdz 3ze0 3ze1 3ze2 4cak 4g1e 4g1m 4mmx 4mmy 4mmz 4o02 4z7n 4z7o 4z7q 5hdb 6avq 6avr 6avu 6bxb 6bxf 6bxj 6ckb 6mk0 6msl 6msu 6naj 6v4p
73,"Dihydroorotate dehydrogenase (quinone), mitochondrial",0,1d3g 1d3h 2b0m 2bxv 2fpt 2fpv 2fpy 2fqi 2prh 2prl 2prm 2wv8 3f1q 3fj6 3fjl 3g0u 3g0x 3kvj 3kvk 3kvl 3kvm 3u2o 3w7r 3zws 3zwt 4igh 4jgd 4js3 4jts 4jtt 4jtu 4ls0 4ls1 4ls2 4oqv 4rk8 4rka 4rli 4rr4 4ylw 4zl1 4zmg 5h2z 5h73 5hin 5hqe 5k9c 5k9d 5mut 5mvc 5mvd 5tce 5zf4 5zf7 5zf8 5zf9 5zfa 5zfb 6cjf 6cjg 6et4 6fmd 6gk0 6idj 6j3b 6j3c 6jmd 6jme 6lzl 6oc0 6oc1 6qu7 6syp
67,T-cell surface glycoprotein CD4,4,1cdh 1cdi 1cdj 1cdu 1cdy 1g9m 1g9n 1gc1 1jl4 1opn 1opt 1opw 1q68 1rzj 1rzk 1wbr 1wio 1wip 1wiq 2b4c 2jkr 2jkt 2klu 2nxy 2nxz 2ny0 2ny1 2ny2 2ny3 2ny4 2ny5 2ny6 2qad 3b71 3cd4 3j70 3jcb 3jcc 3jwd 3jwo 3lqa 3o2d 3s4s 3s5l 3t0e 4h8w 4jm2 4p9h 4q6i 4r2g 4r4h 4rqs 5a7x 5a8h 5cay 5thr 5u1f 5vn3 6cm3 6edu 6l1y 6meo 6met 6qh6 6qh7 6u0l 6u0n
66,Fibroblast growth factor receptor 1,0,1agw 1cvs 1evt 1fgi 1fgk 1fq9 1xr0 2cr3 2fgi 3c4f 3dpk 3gqi 3gql 3js2 3krj 3krl 3kxx 3ky2 3ojv 3rhx 3tt0 4f63 4f64 4f65 4nk9 4nka 4nks 4rwi 4rwj 4rwk 4rwl 4uwb 4uwc 4uwy 4v01 4v04 4v05 4wun 4zsa 5a46 5a4c 5am6 5am7 5b7v 5ew8 5flf 5o49 5o4a 5uq0 5ur1 5vnd 5w21 5w59 5z0s 5zv2 6c18 6c19 6c1b 6c1c 6c1o 6itj 6mzq 6mzw 6nvl 6p68 6p69
61,ALK tyrosine kinase receptor,2,2kup 2kuq 2xb7 2xba 2xp2 2yfx 2yhv 2yjr 2yjs 2ys5 2yt2 3aox 3l9p 3lcs 3lct 4anl 4anq 4ans 4ccb 4ccu 4cd0 4cli 4clj 4cmo 4cmt 4cmu 4cnh 4ctb 4ctc 4dce 4fnw 4fnx 4fny 4fnz 4fob 4foc 4fod 4joa 4mkc 4tt7 4z55 5a9u 5aa8 5aa9 5aaa 5aab 5aac 5fto 5ftq 5imx 5iug 5iuh 5iui 5kz0 5vz5 6at9 6cdt 6e0r 6ebw 6edl 6mx8
54,Vascular endothelial growth factor receptor 2,0,1vr2 1y6a 1y6b 1ywn 2m59 2met 2meu 2oh4 2p2h 2p2i 2qu5 2qu6 2rl5 2x1w 2x1x 2xir 3b8q 3b8r 3be2 3c7q 3cjf 3cjg 3cp9 3cpb 3cpc 3dtw 3efl 3ewh 3kvq 3s35 3s36 3s37 3u6j 3v2a 3v6b 3vhe 3vhk 3vid 3vnt 3vo3 3wzd 3wze 4ag8 4agc 4agd 4asd 4ase 5ew3 5oyj 6gqo 6gqp 6gqq 6xvj 6xvk
52,High affinity nerve growth factor receptor,0,1he7 1shc 1wwa 1www 2ifg 2n90 4aoj 4crp 4f0i 4gt5 4pmm 4pmp 4pms 4pmt 4yne 4yps 5h3q 5i8a 5jfs 5jfv 5jfw 5jfx 5kmi 5kmj 5kmk 5kml 5kmm 5kmn 5kmo 5kvt 5wr7 6d1y 6d1z 6d20 6d22 6dkb 6dkg 6dki 6dkw 6iqn 6j5l 6npt 6nsp 6nss 6pl1 6pl2 6pl3 6pl4 6pma 6pmb 6pmc 6pme
52,Adenosine receptor A2a,0,1mmh 1upe 2ydo 2ydv 3eml 3pwh 3qak 3rey 3rfm 3uza 3uzc 3vg9 3vga 4eiy 4ug2 4uhr 5g53 5iu4 5iu7 5iu8 5iua 5iub 5jtb 5k2a 5k2b 5k2c 5k2d 5mzj 5mzp 5n2r 5nlx 5nm2 5nm4 5olg 5olh 5olo 5olv 5olz 5om1 5om4 5uig 5uvi 5vra 5wf5 5wf6 6aqf 6gdg 6gt3 6jzh 6mh8 6ps7 6s0q
49,Tissue factor,0,1ahw 1boy 1dan 1fak 1j9c 1jps 1nl8 1o5d 1tfh 1uj3 1w0y 1w2k 1wqv 1wss 1wtg 1wun 1wv7 1z6j 2a2q 2aei 2aer 2b7d 2b8o 2c4f 2cef 2ceh 2cez 2cfj 2ec9 2f9b 2fir 2flb 2flr 2hft 2puq 2zp0 2zwl 2zzu 3ela 3th2 3th3 3th4 4ibl 4m7l 4ylq 4z6a 4zma 5w06 6r2w
48,Major histocompatibility complex class I-related gene protein,0,4gup 4l4t 4l4v 4lcw 4nqc 4nqd 4nqe 4pj5 4pj7 4pj8 4pj9 4pja 4pjb 4pjc 4pjd 4pje 4pjf 4pjg 4pjh 4pji 4pjx 5d5m 5d7i 5d7j 5d7l 5u16 5u17 5u1r 5u2v 5u6q 5u72 6mwr 6puc 6pud 6pue 6puf 6pug 6puh 6pui 6puj 6puk 6pul 6pum 6pvc 6pvd 6w9u 6w9v 6xqp
48,Amine oxidase [flavin-containing] B,0,1gos 1h8r 1oj9 1oja 1ojc 1ojd 1s2q 1s2y 1s3b 1s3e 2bk3 2bk4 2bk5 2byb 2c64 2c65 2c66 2c67 2c70 2c72 2c73 2c75 2c76 2v5z 2v60 2v61 2vrl 2vrm 2vz2 2xcg 2xfn 2xfo 2xfp 2xfq 2xfu 3po7 3zyx 4a79 4a7a 4crt 5mrl 6fvz 6fw0 6fwc 6rkb 6rkp 6rle 6yt2
47,Angiotensin-converting enzyme,0,1o86 1o8a 1uze 1uzf 2c6f 2c6n 2iul 2iux 2oc2 2xy9 2xyd 2ydm 3bkk 3bkl 3l3n 3nxq 4aph 4apj 4bxk 4bzr 4bzs 4c2n 4c2o 4c2p 4c2q 4c2r 4ca5 4ca6 4ufa 4ufb 5am8 5am9 5ama 5amb 5amc 6en5 6en6 6f9r 6f9t 6f9u 6f9v 6h5w 6h5x 6qs1 6tt1 6tt3 6tt4
43,Integrin alpha-IIb,2,1dpk 1dpq 1jx5 1kup 1kuz 1m8o 1rn0 1s4w 1tye 1uv9 2k1a 2k9j 2knc 2mtp 2n9y 2vc2 2vdk 2vdl 2vdm 2vdn 2vdo 2vdp 2vdq 2vdr 3fcs 3fcu 3nid 3nif 3nig 3t3m 3t3p 3zdx 3zdy 3zdz 3ze0 3ze1 3ze2 4cak 4z7n 4z7o 4z7q 5hdb 6v4p
43,Fibroblast growth factor receptor 2,0,1djs 1e0o 1ev2 1gjo 1ii4 1iil 1nun 1oec 1wvz 2fdb 2psq 2pvf 2pvy 2pwl 2py3 2pz5 2pzp 2pzr 2q0b 3b2t 3caf 3cly 3cu1 3dar 3euu 3oj2 3ojm 3ri1 4j23 4j95 4j96 4j97 4j98 4j99 4wv1 5eg3 5ugl 5ugx 5uhn 5ui0 6agx 6lvk 6lvl
43,Cytochrome P450 3A4,0,1tqn 1w0e 1w0f 1w0g 2j0d 2v0m 3nxu 3tjs 3ua1 4d6z 4d75 4d78 4d7d 4i3q 4i4g 4i4h 4k9t 4k9u 4k9v 4k9w 4k9x 4ny4 5a1p 5a1r 5g5j 5te8 5vc0 5vcc 5vcd 5vce 5vcg 6bcz 6bd5 6bd6 6bd7 6bd8 6bdh 6bdi 6bdk 6bdm 6oo9 6ooa 6oob
43,ADP-ribosyl cyclase/cyclic ADP-ribose hydrolase 1,0,1yh3 1zvm 2ef1 2hct 2i65 2i66 2i67 2o3q 2o3r 2o3s 2o3t 2o3u 2pgj 2pgl 3dzf 3dzg 3dzh 3dzi 3dzj 3dzk 3f6y 3i9m 3i9n 3ofs 3raj 3rok 3rom 3rop 3roq 3u4h 3u4i 4cmh 4f45 4f46 4ogw 4tmf 4xjs 4xjt 5f1k 5f1o 5f21 6edr 6vua
40,Corticosteroid 11-beta-dehydrogenase isozyme 1,0,1xu7 1xu9 2bel 2ilt 2irw 2rbe 3byz 3bzu 3ch6 3czr 3d3e 3d4n 3d5q 3ey4 3fco 3frj 3h6k 3hfg 3oq1 3pdj 3qqp 3tfq 4bb5 4bb6 4c7j 4c7k 4hfr 4hx5 4iju 4ijv 4ijw 4k1l 4p38 4yyz 5pgu 5pgv 5pgw 5pgx 5pgy 5qii
39,TGF-beta receptor type-1,0,1b6c 1ias 1py5 1rw8 1tbi 1vjy 2l5s 2pjy 2wot 2wou 2x7o 3faa 3gxl 3hmm 3kcf 3kfd 3tzm 4x0m 4x2f 4x2g 4x2j 4x2k 4x2n 5e8s 5e8t 5e8u 5e8w 5e8x 5e8z 5e90 5fri 5qik 5qil 5qim 5qtz 5qu0 5usq 6b8y 6mac
39,Integrin alpha-L,0,1cqp 1dgq 1ij4 1lfa 1mjn 1mq8 1mq9 1mqa 1rd4 1t0p 1xdd 1xdg 1xuo 1zon 1zoo 1zop 2ica 2k8o 2m3e 2o7n 3bn3 3bqm 3bqn 3e2m 3eoa 3eob 3f74 3f78 3hi6 3m6f 3tcx 4ixd 5e6r 5e6s 5e6u 6bxb 6bxf 6bxj 6ckb
38,Insulin receptor,1,1gag 1i44 1ir3 1irk 1p14 1rqq 2auh 2b4s 2hr7 2mfr 2z8c 3bu3 3bu5 3bu6 3ekk 3ekn 3eta 3w11 3w12 3w13 4ibm 4oga 4xlv 4xss 4xst 4zxb 5e1s 5hhw 5j3h 5kqv 5u1m 6hn4 6hn5 6pxv 6pxw 6sof 6vep 6veq
37,Cystic fibrosis transmembrane conductance regulator,1,1nbd 1xmi 1xmj 2bbo 2bbs 2bbt 2lob 2pze 2pzf 2pzg 3gd7 3isw 4wz6 5d2d 5d3e 5d3f 5tf7 5tf8 5tfa 5tfb 5tfc 5tfd 5tff 5tfg 5tfi 5tfj 5tgk 5uak 6gjq 6gjs 6gju 6gk4 6gkd 6hep 6msm 6o1v 6o2p
36,Beta-2 adrenergic receptor,1,1gq4 2r4r 2r4s 2rh1 3d4s 3kj6 3ny8 3ny9 3nya 3p0g 3pds 3sn6 4gbr 4lde 4ldl 4ldo 4qkx 5d5a 5d5b 5d6l 5jqh 5x7d 6e67 6kr8 6mxt 6n48 6ni3 6oba 6prz 6ps0 6ps1 6ps2 6ps3 6ps4 6ps5 6ps6
34,Stimulator of interferon genes protein,0,4ef4 4ef5 4emt 4emu 4f5d 4f5e 4f5w 4f5y 4f9e 4f9g 4ksy 4loh 4loi 4qxo 4qxp 4qxq 4qxr 5bqx 5jej 6cff 6cy7 6dnk 6dxg 6dxl 6mx0 6mx3 6mxe 6nt5 6o8b 6o8c 6rm0 6s26 6s27 6s86
34,Receptor tyrosine-protein kinase erbB-2,7,1mfg 1mfl 1mw4 1n8z 1ovc 1qr1 1s78 2a91 2jwa 2ks1 2l4k 2n2a 3be1 3h3b 3mzw 3n85 3pp0 3rcd 3wlw 3wsq 4gfu 4hrl 4hrm 4hrn 5k33 5kwg 5my6 5o4g 5ob4 5tqs 6att 6bgt 6j71 6oge
33,Low-density lipoprotein receptor,0,1ajj 1d2j 1f5y 1f8z 1hj7 1hz8 1i0u 1ijq 1ldl 1ldr 1lrx 1n7d 1xfe 2fcw 2kri 2lgp 2m7p 2mg9 2w2m 2w2n 2w2o 2w2p 2w2q 3bps 3gcw 3gcx 3m0c 3p5b 3p5c 3so6 4ne9 5oy9 5oyl
32,Programmed cell death 1 ligand 1,0,3bik 3bis 3fn3 3sbw 4z18 4zqk 5c3t 5ggt 5grj 5ius 5j89 5j8o 5jdr 5jds 5n2d 5n2f 5niu 5o45 5o4y 5x8l 5x8m 5xj4 5xxy 6nm7 6nm8 6nnv 6noj 6nos 6np9 6pv9 6r3k 6rpg
32,Integrin alpha-V,0,1jv2 1l5g 1m1x 1u8c 3ije 4g1e 4g1m 4mmx 4mmy 4mmz 4o02 4um8 4um9 5ffg 5ffo 5nem 5ner 5net 5neu 6avq 6avr 6avu 6djp 6mk0 6msl 6msu 6naj 6om1 6om2 6uja 6ujb 6ujc
31,Bcl-2 homologous antagonist/killer,0,1bxl 2ims 2imt 2jby 2jcn 2lp8 2m5b 2xpx 2yv6 3i1h 3qbr 4d2l 4u2u 4u2v 4uf1 5ajk 5fmi 5fmk 5vwv 5vww 5vwx 5vwy 5vwz 5vx0 5vx1 6uxm 6uxn 6uxo 6uxp 6uxq 6uxr
30,Squalene synthase,4,1ezf 3asx 3lee 3q2z 3q30 3v66 3vj8 3vj9 3vja 3vjb 3vjc 3wc9 3wcd 3wcf 3wch 3wci 3wcj 3wcl 3wcm 3wef 3weg 3weh 3wei 3wej 3wek 3wsa 6pyj 6pyv 6pyw 6pz5
30,Insulin-like growth factor 1 receptor,0,1igr 1jqh 1k3a 1m7n 1p4o 2oj9 2zm3 3d94 3f5p 3i81 3lvp 3lw0 3nw5 3nw6 3nw7 3o23 3qqu 4d2r 4xss 5fxq 5fxr 5fxs 5hzn 5u8q 5u8r 6jk8 6vwg 6vwh 6vwi 6vwj
29,Mast/stem cell growth factor receptor Kit,2,1pkg 1qzj 1qzk 1r01 1t45 1t46 2e9w 2ec8 2iuh 2vif 3g0e 3g0f 4hvs 4k94 4k9e 4pgz 4u0i 6gqj 6gqk 6gql 6gqm 6hh1 6itt 6itv 6kla 6mob 6xv9 6xva 6xvb
29,Fibroblast growth factor receptor 4,0,1qct 4qq5 4qqc 4qqj 4qqt 4qrc 4r6v 4tye 4tyg 4tyi 4tyj 4uxq 4xcu 5jkg 5nud 5nwz 5xff 5xfj 6iuo 6iup 6j6y 6jpe 6jpj 6nvg 6nvh 6nvi 6nvj 6nvk 6v9c
28,Proto-oncogene tyrosine-protein kinase receptor Ret,0,1xpd 2ivs 2ivt 2ivu 2ivv 2x2k 2x2l 2x2m 2x2u 4cki 4ckj 4ux8 5amn 5fm2 5fm3 6fek 6gl7 6i82 6i83 6ne7 6nec 6nja 6q2j 6q2n 6q2o 6q2r 6q2s 6vhg
28,Ephrin type-A receptor 3,0,2gsf 2qo2 2qo7 2qo9 2qob 2qoc 2qod 2qof 2qoi 2qok 2qol 2qon 2qoo 2qoq 3dzq 3fxx 3fy2 4g2f 4gk2 4gk3 4gk4 4l0p 4p4c 4p5q 4p5z 4twn 4two 6in0
27,Tumor necrosis factor,1,1a8m 1tnf 2az5 2e7a 2tun 2zjc 2zpx 3alq 3it8 3l9j 3wd5 4g3y 4tsv 4twt 4y6o 5m2i 5m2j 5m2m 5mu8 5tsw 5uui 5wux 5yoy 6ooy 6ooz 6op0 6rmj
27,Toll-like receptor 8,0,3w3g 3w3j 3w3k 3w3l 3w3m 3w3n 3wn4 4qbz 4qc0 4r07 4r08 4r09 4r0a 4r6a 5awa 5awb 5awc 5awd 5az5 5hdh 5wyx 5wyz 5z14 5z15 6kya 6ty5 6v9u
27,Apoptosis regulator Bcl-2,0,1g5m 1gjh 1ysw 2o21 2o22 2o2f 2w3l 2xa0 4aq3 4ieh 4lvt 4lxd 4man 5agw 5agx 5fcg 5jsn 5vau 5vax 5vay 6gl8 6iwb 6o0k 6o0l 6o0m 6o0o 6o0p
26,Apoptosis regulator BAX,1,1f16 2g5b 2k7w 2lr1 3pk1 3pl7 4bd2 4bd6 4bd7 4bd8 4bdu 4s0o 4s0p 4uf2 4zie 4zif 4zig 4zih 4zii 5w5x 5w5z 5w60 5w61 6eb6 6trr 6xy6
25,Complement decay-accelerating factor,0,1h03 1h04 1h2p 1h2q 1m11 1nwv 1ojv 1ojw 1ojy 1ok1 1ok2 1ok3 1ok9 1uot 1upn 2c8i 2qzd 2qzf 2qzh 3iyp 3j24 5foa 6ilj 6ilk 7c9w
24,Neurogenic locus notch homolog protein 1,0,1pb5 1toz 1yyh 2f8x 2f8y 2he0 2vj3 3eto 3i08 3l95 3nbn 3v79 4cud 4cue 4cuf 4d0e 4d0f 5fm9 5fma 5kzo 5l0r 5ub5 6idf 6py8
24,Carbonic anhydrase 12,0,1jcz 1jd0 4ht2 4kp5 4kp8 4q0l 4qj0 4qjo 4qjw 4ww8 5ll5 5ll9 5llo 5llp 5msa 5msb 6g5l 6g7a 6qn0 6qng 6qnl 6r6y 6r71 6rps
23,Suppressor of tumorigenicity 14 protein,0,1eaw 1eax 2fmv 2gv6 2gv7 3bn9 3ncl 3nps 3p8f 3p8g 3so3 4is5 4isl 4isn 4iso 4jyt 4jz1 4jzi 4o97 4o9v 4r0i 5lyo 6n4t
23,Programmed cell death protein 1,3,2m2d 3rrq 4zqk 5b8c 5ggr 5ggs 5ius 5jxe 5wt9 6hig 6j14 6j15 6jbt 6jjp 6k0y 6r5g 6roy 6roz 6umt 6umu 6umv 6xkr 7bxa
23,Low affinity immunoglobulin epsilon Fc receptor,0,1hli 1kje 1t8c 1t8d 2h2r 2h2t 4ezm 4g96 4g9a 4gi0 4gj0 4gjx 4gk1 4gko 4j6j 4j6k 4j6l 4j6m 4j6n 4j6p 4j6q 4ki1 5lgk
23,Ephrin type-B receptor 4,0,2bba 2e7h 2hle 2qkq 2vwu 2vwv 2vww 2vwx 2vwy 2vwz 2vx0 2vx1 2x9f 2xvd 2yn8 3zew 4aw5 4bb4 6fni 6fnj 6fnk 6fnl 6fnm
23,Disintegrin and metalloproteinase domain-containing protein 17,0,1bkc 1zxc 2a8h 2ddf 2fv5 2fv9 2i47 2m2f 2oi0 3b92 3cki 3e8r 3edz 3ewj 3g42 3kmc 3kme 3l0t 3l0v 3le9 3lea 3lgp 3o64
23,Activin receptor type-1,0,3h9r 3mtf 3oom 3q4u 4bgg 4c02 4dym 5oxg 5oy6 6acr 6eix 6gi6 6gin 6gip 6i1s 6jux 6srh 6szm 6t6d 6t8n 6tn8 6z36 6zgc
22,Melanoma antigen recognized by T-cells 1,21,2gt9 2gtw 2gtz 2guo 3hg1 3l6f 3mro 3mrp 3mrq 3qdm 3qeq 3qfd 4eup 4jff 4l3e 4qok 4wj5 5e9d 5nht 5nqk 6d78 6dkp
22,Gamma-aminobutyric acid type B receptor subunit 2,0,4f11 4f12 4mqe 4mqf 4mr7 4mr8 4mr9 4mrm 4ms1 4ms3 4ms4 4pas 6m8r 6ocp 6uo8 6uo9 6uoa 6vjm 6w2x 6wiv 7c7q 7c7s
22,Cation-independent mannose-6-phosphate receptor,0,1e6f 1gp0 1gp3 1gqb 1jpl 1jwg 1lf8 2cnj 2l29 2l2a 2m68 2m6t 2v5n 2v5o 2v5p 5iei 6n5x 6n5y 6p8i 6z30 6z31 6z32
22,Angiotensin-converting enzyme 2,0,1r42 1r4l 1xjp 2ajf 3d0g 3d0h 3d0i 3kbh 3sci 3scj 3sck 3scl 6acg 6acj 6ack 6cs2 6lzg 6m0j 6m17 6m18 6m1d 6vw1
22,Advanced glycosylation end product-specific receptor,0,1pwi 2bjp 2e5e 2ens 2l7u 2le9 2lmb 2m1k 2mjw 2mov 3cjj 3o3u 4lp4 4lp5 4of5 4ofv 4oi7 4oi8 4p2y 4xyn 4ybh 5d7f
22,3-hydroxy-3-methylglutaryl-coenzyme A reductase,0,1dq8 1dq9 1dqa 1hw8 1hw9 1hwi 1hwj 1hwk 1hwl 2q1l 2q6b 2q6c 2r4f 3bgl 3cct 3ccw 3ccz 3cd0 3cd5 3cd7 3cda 3cdb
21,Integrin beta-2,1,1jx3 1l3y 1yuk 2jf1 2p26 2p28 2v7d 3k6s 3k71 3k72 4neh 4nen 5e6r 5e6s 5e6u 5e6v 5e6w 5e6x 5es4 5xr1 5zaz
21,Glucagon-like peptide 1 receptor,0,3c59 3c5t 3iol 4zgm 5e94 5nx2 5ott 5otu 5otv 5otw 5otx 5vew 5vex 6b3j 6gb1 6orv 6vcb 6x18 6x19 6x1a 7c2e
21,Furin,0,4omc 4omd 4ryd 4z2a 5jmo 5jxg 5jxh 5jxi 5jxj 5mim 6a8y 6eqv 6eqw 6eqx 6hlb 6hld 6hle 6hza 6hzb 6hzc 6hzd
21,Epithelial discoidin domain-containing receptor 1,0,3zos 4ag4 4bkj 4ckr 5bvk 5bvn 5bvo 5bvw 5fdp 5fdx 6brj 6bsd 6few 6fex 6fil 6fin 6fio 6fiq 6gwr 6hp9 6y23
21,Copper-transporting ATPase 1,0,1aw0 1kvi 1kvj 1q8l 1s6o 1s6u 1y3j 1y3k 1yjr 1yjt 1yju 1yjv 2aw0 2g9o 2ga7 2k1r 2kij 2kmv 2kmx 3cjk 5t7l
20,Synaptotagmin-1,0,2k45 2k4a 2k8m 2ki6 2lha 2n1t 2r83 3f00 3f01 3f04 3f05 4isq 4v11 6g5f 6g5k 6qns 6tz3 6u41 6u4u 6u4w
20,Macrophage colony-stimulating factor 1 receptor,0,2i0v 2i0y 2i1m 2ogv 3bea 3dpk 3krj 3krl 3lcd 3lco 4dkd 4hw7 4liq 4r7h 4r7i 4wrl 4wrm 6ig8 6n33 6t2w
20,Gamma-aminobutyric acid type B receptor subunit 1,0,4mqe 4mqf 4mr7 4mr8 4mr9 4mrm 4ms1 4ms3 4ms4 4pas 6hkc 6uo8 6uo9 6uoa 6vjm 6w2x 6w2y 6wiv 7c7q 7c7s
20,Carbonic anhydrase 9,1,2hkf 3iai 5dvx 5fl4 5fl5 5fl6 6fe0 6fe1 6fe2 6g98 6g9u 6qn2 6qn5 6qn6 6qut 6rqn 6rqq 6rqu 6rqw 6y74
20,C-type lectin domain family 4 member K,0,3c22 3kqg 3p5d 3p5e 3p5f 3p5g 3p5h 3p5i 3p7f 3p7g 3p7h 4ak8 4n32 4n33 4n34 4n35 4n36 4n37 4n38 5g6u
19,Sodium-dependent serotonin transporter,0,5i6x 5i6z 5i71 5i73 5i74 5i75 6awn 6awo 6awp 6awq 6dzv 6dzw 6dzy 6dzz 6vrh 6vrk 6vrl 6w2b 6w2c
19,Receptor-type tyrosine-protein phosphatase gamma,0,2h4v 2hy3 2nlk 2pbn 3jxh 3qcb 3qcc 3qcd 3qce 3qcf 3qcg 3qch 3qci 3qcj 3qck 3qcl 3qcm 3qcn 5e5r
19,Platelet glycoprotein Ib alpha chain,2,1gwb 1k13 1m0z 1m10 1ook 1p8v 1p9a 1qyy 1sq0 1u0n 2bp3 3p72 3pmh 4c2a 4c2b 4ch2 4ch8 4mgx 4yr6
19,Cadherin-1,0,1o6s 2o72 2omt 2omu 2omv 2omx 2omy 2omz 3ff7 3ff8 3l6x 3l6y 4zt1 4zte 6cxy 6ole 6olf 6olg 6vel
19,"Beta-1,4-galactosyltransferase 1",0,2ae7 2aec 2aes 2agd 2ah9 2fy7 2fya 2fyb 3ee5 4ee3 4ee4 4ee5 4eea 4eeg 4eem 4eeo 4l41 6fwt 6fwu
18,Neprilysin,0,1dl9 1dmt 1qvd 1r1h 1r1i 1r1j 1y8j 2qpj 2yb9 4cth 5jmy 6gid 6sh1 6sh2 6suk 6svy 6thp 6xvp
18,IgG receptor FcRn large subunit p51,0,1exu 3m17 3m1b 4k71 4n0f 4n0u 5bjt 5bxf 5whk 6c97 6c98 6c99 6fgb 6ilm 6nha 6qio 6qip 7c9v
18,"HLA class II histocompatibility antigen, DQ alpha 1 chain",0,1jk8 1nbn 1s9v 1uvq 2nna 4gg6 4ozf 4ozg 4ozh 4ozi 5ksa 5ksb 5ksu 5ksv 6mff 6mfg 6u3m 6u3n
18,Gamma-aminobutyric acid receptor subunit alpha-1,0,6cdu 6d1s 6d6t 6d6u 6hug 6huj 6huk 6huo 6hup 6i53 6x3s 6x3t 6x3u 6x3v 6x3w 6x3x 6x3z 6x40
18,Erythropoietin receptor,0,1cn4 1eba 1ebp 1eer 1ern 2jix 2mv6 4y5v 4y5x 4y5y 6e2q 6moe 6mof 6moh 6moi 6moj 6mok 6mol
18,C-C chemokine receptor type 5,6,1nd8 1ne0 1opn 1opt 1opw 2l87 2mzx 2rll 2rrs 4mbs 5uiw 5yd3 5yd4 5yd5 5yy4 6fgp 6meo 6met
17,Voltage-dependent L-type calcium channel subunit alpha-1C,0,1t0j 2be6 2f3y 2f3z 2lqc 3g43 3oxq 5v2p 5v2q 6c0a 6dad 6dae 6daf 6u39 6u3a 6u3b 6u3d
17,Neuropilin-1,0,1kex 2qqi 2qqm 2qqn 3i97 4deq 4rn5 5c7g 5ijr 5iyy 5j1x 5jgi 5jgq 5jhk 5l73 6fmc 6fmf
17,NPC intracellular cholesterol transporter 1,0,3gkh 3gki 3gkj 3jd8 5f18 5f1b 5hns 5jnx 5kwy 5u73 5u74 6uox 6w5r 6w5s 6w5t 6w5u 6w5v
17,Integrin alpha-M,0,1a8x 1bho 1bhq 1idn 1ido 1jlm 1m1u 1mf7 1n9z 1na5 2lke 2lkj 3q3g 3qa3 4m76 4xw2 6rhw
17,Integrin alpha-2,0,1aox 1dzi 1pqb 1v7p 4bj3 5hj2 5thp 6nd8 6nd9 6nda 6ndb 6ndc 6ndd 6nde 6ndf 6ndg 6ndh
17,"Glutamate receptor ionotropic, NMDA 1",0,2hqw 2nr1 3bya 5h8f 5h8h 5h8n 5h8q 5i2k 5i2n 5kcj 5kdt 5tp9 5tpa 6ira 6irf 6irg 6irh
17,"Calcium uniporter protein, mitochondrial",0,4xsj 4xtb 5bz6 5kue 5kug 5kui 5kuj 6jg0 6k7x 6k7y 6kvx 6o58 6o5b 6wdn 6wdo 6xjv 6xjx
16,Transferrin receptor protein 1,0,1cx8 1de4 1suv 2nsu 3kas 3s9l 3s9m 3s9n 6d03 6d04 6d05 6gsr 6h5i 6okd 6w3h 6y76
16,T-cell surface glycoprotein CD1b,0,1gzp 1gzq 1uqs 2h26 3ov6 3t8x 4ono 5c9j 5l2j 5l2k 5wke 5wkg 5wki 5wl1 6cug 6d64
16,Low-density lipoprotein receptor-related protein 6,3,3s2k 3s8v 3s8z 3s94 3sob 3soq 3sov 4a0p 4dg6 4nm5 4nm7 5air 5fww 5gje 6h15 6h16
16,Coxsackievirus and adenovirus receptor,0,1eaj 1f5w 1jew 1kac 1p69 1p6a 1rsf 2j12 2j1k 2npl 2w9l 2wbw 3j6l 3j6m 3j6n 3j6o
