Number_PDB_Entry,Name,PDB_ID
391,Beta-secretase 1,"1FKN,1M4H,1PY1,1SGZ,1TQF,1UJJ,1UJK,1W50,1W51,1XN2,1XN3,1XS7,1YM2,1YM4,2B8L,2B8V,2F3E,2F3F,2FDP,2G94,2HIZ,2HM1,2IQG,2IRZ,2IS0,2NTR,2OAH,2OF0,2OHK,2OHL,2OHM,2OHN,2OHP,2OHQ,2OHR,2OHS,2OHT,2OHU,2P4J,2P83,2P8H,2PH6,2PH8,2Q11,2Q15,2QK5,2QMD,2QMF,2QMG,2QP8,2QU2,2QU3,2QZK,2QZL,2VA5,2VA6,2VA7,2VIE,2VIJ,2VIY,2VIZ,2VJ6,2VJ7,2VJ9,2VKM,2VNM,2VNN,2WEZ,2WF0,2WF1,2WF2,2WF3,2WF4,2WJO,2XFI,2XFJ,2XFK,2ZDZ,2ZE1,2ZHR,2ZHS,2ZHT,2ZHU,2ZHV,2ZJH,2ZJI,2ZJJ,2ZJK,2ZJL,2ZJM,2ZJN,3BRA,3BUF,3BUG,3BUH,3CIB,3CIC,3CID,3CKP,3CKR,3DM6,3DUY,3DV1,3DV5,3EXO,3FKT,3H0B,3HVG,3HW1,3I25,3IGB,3IN3,3IN4,3IND,3INE,3INF,3INH,3IVH,3IVI,3IXJ,3IXK,3K5C,3K5D,3K5F,3K5G,3KMX,3KMY,3KN0,3KYR,3L38,3L3A,3L58,3L59,3L5B,3L5C,3L5D,3L5E,3L5F,3LHG,3LNK,3LPI,3LPJ,3LPK,3MSJ,3MSK,3MSL,3N4L,3NSH,3OHF,3OHH,3OOZ,3PI5,3QBH,3QI1,3R1G,3R2F,3RSV,3RSX,3RTH,3RTM,3RTN,3RU1,3RVI,3S2O,3S7L,3S7M,3SKF,3SKG,3TPJ,3TPL,3TPP,3TPR,3U6A,3UDH,3UDJ,3UDK,3UDM,3UDN,3UDP,3UDQ,3UDR,3UDY,3UFL,3UQP,3UQR,3UQU,3UQW,3UQX,3VEU,3VF3,3VG1,3VV6,3VV7,3VV8,3WB4,3WB5,3ZMG,3ZOV,4ACU,4ACX,4AZY,4B00,4B05,4B0Q,4B1C,4B1D,4B1E,4B70,4B72,4B77,4B78,4BEK,4BFD,4D83,4D85,4D88,4D89,4D8C,4DH6,4DI2,4DJU,4DJV,4DJW,4DJX,4DJY,4DPF,4DPI,4DUS,4DV9,4DVF,4EWO,4EXG,4FCO,4FGX,4FM7,4FM8,4FRI,4FRJ,4FRK,4FRS,4FS4,4FSE,4FSL,4GID,4GMI,4H1E,4H3F,4H3G,4H3I,4H3J,4HA5,4HZT,4I0D,4I0E,4I0F,4I0G,4I0H,4I0I,4I0J,4I0Z,4I10,4I11,4I12,4I1C,4IVS,4IVT,4J0P,4J0T,4J0V,4J0Y,4J0Z,4J17,4J1C,4J1E,4J1F,4J1H,4J1I,4J1K,4JOO,4JP9,4JPC,4JPE,4K8S,4K9H,4KE0,4KE1,4L7G,4L7H,4L7J,4LC7,4LXA,4LXK,4LXM,4N00,4PZW,4PZX,4R5N,4R8Y,4R91,4R92,4R93,4R95,4RCD,4RCE,4RCF,4RRN,4RRO,4RRS,4TRW,4TRY,4TRZ,4WTU,4WY1,4WY6,4X2L,4X7I,4XKX,4XXS,4YBI,4ZPE,4ZPF,4ZPG,4ZSM,4ZSP,4ZSQ,4ZSR,5CLM,5DQC,5ENK,5ENM,5EZX,5EZZ,5F00,5F01,5HD0,5HDU,5HDV,5HDX,5HDZ,5HE4,5HE5,5HE7,5HTZ,5HU0,5HU1,5I3V,5I3W,5I3X,5I3Y,5IE1,5KQF,5KR8,5MBW,5MCO,5MCQ,5MXD,5T1U,5T1W,5TOL,5UYU,5V0N,5YGX,5YGY,6BFD,6BFE,6BFW,6BFX,6C2I,6DHC,6DMI,6E3Z,6EJ2,6EJ3,6EQM,6FGY,6JSE,6JSF,6JSG,6JSN,6JT3,6JT4,6NV7,6NV9,6NW3,6OD6,6PZ4,6UVP,6UVV,6UVY,6UWP,6UWV"
352,"HLA class I histocompatibility antigen, A alpha chain","1AKJ,1AO7,1AQD,1B0G,1B0R,1BD2,1DUY,1DUZ,1EEY,1EEZ,1HHG,1HHH,1HHI,1HHJ,1HHK,1HLA,1HSB,1I1F,1I1Y,1I4F,1I7R,1I7T,1I7U,1IM3,1JF1,1JHT,1LP9,1OGA,1P7Q,1Q94,1QEW,1QR1,1QRN,1QSE,1QSF,1QVO,1S8D,1S9W,1S9X,1S9Y,1T1W,1T1X,1T1Y,1T1Z,1T20,1T21,1T22,1TMC,1TVB,1TVH,1UR7,1W72,1X7Q,2AV1,2AV7,2BCK,2BNQ,2BNR,2C7U,2CLR,2F53,2F54,2GIT,2GJ6,2GT9,2GTW,2GTZ,2GUO,2HLA,2HN7,2J8U,2JCC,2P5E,2P5W,2PYE,2UWE,2V2W,2V2X,2VLJ,2VLK,2VLL,2VLR,2X4N,2X4O,2X4P,2X4Q,2X4R,2X4S,2X4T,2X4U,2X70,2XPG,3BGM,3BH8,3BH9,3BHB,3BO8,3D25,3D39,3D3V,3FQN,3FQR,3FQT,3FQU,3FQW,3FQX,3FT2,3FT3,3FT4,3GIV,3GJF,3GSN,3GSO,3GSQ,3GSR,3GSU,3GSV,3GSW,3GSX,3H7B,3H9H,3H9S,3HAE,3HLA,3HPJ,3I6G,3I6K,3I6L,3IXA,3KLA,3MGO,3MGT,3MR9,3MRB,3MRC,3MRD,3MRE,3MRF,3MRG,3MRH,3MRI,3MRJ,3MRK,3MRL,3MRM,3MRN,3MRO,3MRP,3MRQ,3MRR,3MYJ,3NFN,3O3A,3O3B,3O3D,3O3E,3O4L,3PWJ,3PWL,3PWN,3PWP,3QDG,3QDJ,3QDM,3QEQ,3QFD,3QFJ,3QZW,3REW,3RL1,3RL2,3TO2,3UTQ,3UTS,3UTT,3V5D,3V5H,3V5K,3VXM,3VXN,3VXO,3VXP,3VXR,3VXS,3VXU,3W0W,3WL9,3WLB,4E5X,4EMZ,4EN2,4EUP,4F7M,4F7P,4F7T,4FTV,4GKN,4GKS,4HWZ,4HX1,4I48,4I4W,4JFD,4JFE,4JFF,4JFO,4JFP,4JFQ,4K7F,4L29,4L3C,4L3E,4MJ5,4MJ6,4MNQ,4N8V,4NNX,4NNY,4NO0,4NO2,4NO3,4NO5,4NQV,4NQX,4OV5,4QOK,4U6X,4U6Y,4UQ2,4UQ3,4WJ5,4WU5,4WU7,4WUU,5BRZ,5BS0,5C07,5C08,5C09,5C0A,5C0B,5C0C,5C0D,5C0E,5C0F,5C0G,5C0I,5C0J,5D2L,5D2N,5D9S,5DDH,5E00,5E6I,5E9D,5ENW,5EOT,5EU3,5EU4,5EU5,5EU6,5EUO,5F7D,5F9J,5FA3,5FA4,5FDW,5GRD,5GRG,5GSD,5HGA,5HGB,5HGD,5HGH,5HHM,5HHN,5HHO,5HHP,5HHQ,5HYJ,5IRO,5ISZ,5JHD,5JZI,5MEN,5MEO,5MEP,5MEQ,5MER,5N1Y,5N6B,5NHT,5NME,5NMF,5NMG,5NMH,5NMK,5NQK,5SWQ,5TEZ,5W1W,5WJL,5WJN,5WKF,5WKH,5WSH,5WWI,5WWJ,5WWU,5WXC,5WXD,5XOV,5YXN,5YXU,6AM5,6AMT,6AMU,6APN,6AT9,6D78,6D7G,6DKP,6EI2,6ENY,6EQA,6EQB,6EWA,6EWC,6EWO,6G3J,6G3K,6ID4,6J1W,6J29,6J2A,6JOZ,6JP3,6MPP,6NCA,6O9B,6O9C,6OPD,6PBH,6PTB,6PTE,6Q3K,6Q3S,6R2L,6RP9,6RPA,6RPB,6RSY"
294,Estrogen receptor,"1A52,1AKF,1ERE,1ERR,1G50,1GWQ,1GWR,1HCP,1HCQ,1L2I,1PCG,1QKT,1QKU,1R5K,1SJ0,1UOM,1X7E,1X7R,1XP1,1XP6,1XP9,1XPC,1XQC,1YIM,1YIN,1ZKY,2AYR,2B1V,2B1Z,2B23,2BJ4,2FAI,2G44,2G5O,2I0J,2IOG,2IOK,2JF9,2JFA,2LLO,2LLQ,2OCF,2OUZ,2P15,2POG,2Q6J,2Q70,2QA6,2QA8,2QAB,2QE4,2QGT,2QGW,2QH6,2QR9,2QSE,2QXM,2QXS,2QZO,2R6W,2R6Y,2YAT,2YJA,3CBM,3CBO,3CBP,3DT3,3ERD,3ERT,3HLV,3HM1,3L03,3OS8,3OS9,3OSA,3Q95,3UU7,3UUA,3UUC,3UUD,4AA6,4DMA,4IU7,4IUI,4IV2,4IV4,4IVW,4IVY,4IW6,4IW8,4IWC,4IWF,4JC3,4JDD,4MG5,4MG6,4MG7,4MG8,4MG9,4MGA,4MGB,4MGC,4MGD,4O6F,4PP6,4PPP,4PPS,4PXM,4Q13,4Q50,4TUZ,4TV1,4XI3,4ZN7,4ZN9,4ZNH,4ZNS,4ZNT,4ZNU,4ZNV,4ZNW,5AAU,5AAV,5ACC,5AK2,5DI7,5DID,5DIE,5DIG,5DK9,5DKB,5DKE,5DKG,5DKS,5DL4,5DLR,5DMC,5DMF,5DP0,5DRJ,5DRM,5DTV,5DU5,5DUE,5DUG,5DUH,5DVS,5DVV,5DWE,5DWG,5DWI,5DWJ,5DX3,5DXB,5DXE,5DXG,5DXK,5DXM,5DXP,5DXQ,5DXR,5DY8,5DYB,5DYD,5DZ0,5DZ1,5DZ3,5DZH,5DZI,5E0W,5E0X,5E14,5E15,5E19,5E1C,5EGV,5EHJ,5EI1,5EIT,5FQP,5FQR,5FQS,5FQT,5FQV,5GS4,5GTR,5HYR,5JMM,5KCC,5KCD,5KCE,5KCF,5KCT,5KCU,5KCW,5KD9,5KR9,5KRA,5KRC,5KRF,5KRH,5KRI,5KRJ,5KRK,5KRL,5KRM,5KRO,5N10,5T0X,5T1Z,5T92,5T97,5TLD,5TLF,5TLG,5TLL,5TLM,5TLO,5TLP,5TLT,5TLU,5TLV,5TLX,5TLY,5TM1,5TM2,5TM3,5TM4,5TM5,5TM6,5TM7,5TM8,5TM9,5TML,5TMM,5TMO,5TMQ,5TMR,5TMS,5TMT,5TMU,5TMV,5TMW,5TMZ,5TN1,5TN3,5TN4,5TN5,5TN6,5TN7,5TN8,5TN9,5TNB,5U2B,5U2D,5UFW,5UFX,5W9C,5W9D,5WGD,5WGQ,6B0F,6C42,6CBZ,6CHW,6CHZ,6CZN,6D0F,6DF6,6DFN,6HHP,6HKB,6HKF,6HMU,6IAR,6OWC,6PET,6PFM,6PIT,6PSJ,6SBO,6SQ0,6SUO,6TL3,6V87,6V8T,6VGH,6VIG,6VJ1,6VJD,6VMU,6VNN,6VPK,6VVP"
213,Epidermal growth factor receptor,"1DNQ,1DNR,1IVO,1M14,1M17,1MOX,1NQL,1XKK,1YY9,1Z9I,2EB2,2EB3,2EXP,2EXQ,2GS2,2GS6,2GS7,2ITN,2ITO,2ITP,2ITQ,2ITT,2ITU,2ITV,2ITW,2ITX,2ITY,2ITZ,2J5E,2J5F,2J6M,2JIT,2JIU,2JIV,2KS1,2M0B,2M20,2N5S,2RF9,2RFD,2RFE,2RGP,3B2U,3B2V,3BEL,3BUO,3C09,3G5V,3G5Y,3GOP,3GT8,3IKA,3LZB,3NJP,3OB2,3OP0,3P0Y,3PFV,3POZ,3QWQ,3UG1,3UG2,3VJN,3VJO,3VRP,3VRR,3W2O,3W2P,3W2Q,3W2R,3W2S,3W32,3W33,4G5J,4G5P,4HJO,4I1Z,4I20,4I21,4I22,4I23,4I24,4JQ7,4JQ8,4JR3,4JRV,4KRL,4KRM,4KRO,4KRP,4LI5,4LL0,4LQM,4LRM,4R3P,4R3R,4R5S,4RIW,4RIX,4RIY,4RJ4,4RJ5,4RJ6,4RJ7,4RJ8,4TKS,4UIP,4UV7,4WD5,4WKQ,4WRG,4ZAU,4ZJV,4ZSE,5C8K,5C8M,5C8N,5CAL,5CAN,5CAO,5CAP,5CAQ,5CAS,5CAU,5CAV,5CNN,5CNO,5CZH,5CZI,5D41,5EDP,5EDQ,5EDR,5EM5,5EM6,5EM7,5EM8,5FED,5FEE,5FEQ,5GMP,5GNK,5GTY,5GTZ,5HCX,5HCY,5HCZ,5HG5,5HG7,5HG8,5HG9,5HIB,5HIC,5J9Y,5J9Z,5JEB,5LV6,5SX4,5SX5,5U8L,5UG8,5UG9,5UGA,5UGB,5UGC,5UWD,5WB7,5WB8,5X26,5X27,5X28,5X2A,5X2C,5X2F,5X2K,5XDK,5XDL,5XGM,5XGN,5XWD,5Y25,5Y9T,5YU9,5ZTO,5ZWJ,6ARU,6B3S,6D8E,6DUK,6JRJ,6JRK,6JRX,6JWL,6JX0,6JX4,6JXT,6JZ0,6P1D,6P1L,6P8Q,6S89,6S8A,6S9B,6S9C,6S9D,6V5N,6V5P,6V66,6V6K,6V6O,6VH4,6VHN,6VHP"
212,"HLA class I histocompatibility antigen, B alpha chain","1A1M,1A1N,1A1O,1A9B,1A9E,1AGB,1AGC,1AGD,1AGE,1AGF,1CG9,1E27,1E28,1HSA,1JGD,1JGE,1K5N,1M05,1M6O,1MI5,1N2R,1OF2,1OGT,1SYS,1SYV,1UXS,1UXW,1W0V,1W0W,1XH3,1XR8,1XR9,1ZHK,1ZHL,1ZSD,2A83,2AK4,2AXF,2AXG,2BSR,2BSS,2BST,2BVO,2BVP,2BVQ,2H6P,2HJL,2NW3,2NX5,2RFX,2YPK,2YPL,3B3I,3B6S,3BP4,3BP7,3BW9,3BWA,3C9N,3CZF,3D18,3DTX,3DX6,3DX7,3DX8,3DXA,3FFC,3HCV,3KPL,3KPM,3KPN,3KPO,3KPP,3KPQ,3KPR,3KPS,3KWW,3KXF,3L3D,3L3G,3L3I,3L3J,3L3K,3LKN,3LKO,3LKP,3LKQ,3LKR,3LKS,3LN4,3LN5,3LV3,3MV7,3MV8,3MV9,3SJV,3SKM,3SKO,3SPV,3UPR,3VCL,3VFS,3VFT,3VFU,3VFV,3VFW,3VH8,3VRI,3VRJ,3W39,3WUW,3X11,3X12,3X13,3X14,4G8G,4G8I,4G9D,4G9F,4JQV,4JQX,4LCY,4LNR,4MJI,4O2C,4O2E,4O2F,4PR5,4PRN,4QRP,4QRQ,4QRR,4QRS,4QRT,4QRU,4U1H,4U1I,4U1J,4U1K,4U1L,4U1M,4U1N,4U1S,4XXC,5B38,5B39,5DEF,5DEG,5EO0,5EO1,5IB1,5IB2,5IB3,5IB4,5IB5,5IEH,5IEK,5IM7,5INC,5IND,5T6W,5T6X,5T6Y,5T6Z,5T70,5TXS,5U98,5V5L,5V5M,5VUD,5VUE,5VUF,5VWD,5VWF,5VWH,5VWJ,5VZ5,5WMN,5WMO,5WMP,5WMQ,5WMR,5XOS,5XOT,6AT5,6AVF,6AVG,6BJ2,6BJ3,6BJ8,6BXP,6BXQ,6D29,6D2B,6D2R,6D2T,6MT3,6MT4,6MT5,6MT6,6MTL,6MTM,6P23,6P27,6P2C,6P2F,6P2S,6PYJ,6PYL,6PYV,6PYW,6PZ5"
151,Histo-blood group ABO system transferase,"1LZ0,1LZ7,1LZI,1LZJ,1R7T,1R7U,1R7V,1R7X,1R7Y,1R80,1R81,1R82,1WSZ,1WT0,1WT1,1WT2,1WT3,1XZ6,1ZHJ,1ZI1,1ZI3,1ZI4,1ZI5,1ZIZ,1ZJ0,1ZJ1,1ZJ2,1ZJ3,1ZJO,1ZJP,2A8U,2A8W,2I7B,2O1F,2O1G,2O1H,2PGV,2PGY,2RIT,2RIX,2RIY,2RIZ,2RJ0,2RJ1,2RJ4,2RJ5,2RJ6,2RJ7,2RJ8,2RJ9,2Y7A,3I0C,3I0D,3I0E,3I0F,3I0G,3I0H,3I0I,3I0J,3I0K,3I0L,3IOH,3IOI,3IOJ,3SX3,3SX5,3SX7,3SX8,3SXA,3SXB,3SXC,3SXD,3SXE,3SXG,3U0X,3U0Y,3V0L,3V0M,3V0N,3V0O,3V0P,3V0Q,3ZGF,3ZGG,4C2S,4FQW,4FRA,4FRB,4FRD,4FRE,4FRH,4FRL,4FRM,4FRO,4FRP,4FRQ,4GBP,4KC1,4KC2,4KC4,4KXO,4Y62,4Y63,4Y64,5BXC,5C1G,5C1H,5C1L,5C36,5C38,5C3A,5C3B,5C3D,5C47,5C48,5C49,5C4B,5C4C,5C4D,5C4E,5C4F,5C8R,5CMF,5CMG,5CMH,5CMI,5CMJ,5CQL,5CQM,5CQN,5CQO,5CQP,5M79,5M7A,5M7B,5M7C,5M7D,5TJK,5TJL,5TJN,5TJO,6BJI,6BJJ,6BJK,6BJL,6BJM,6GWY,6GWZ,6GX0,6GX1,6GX2"
145,Amyloid-beta precursor protein,"1AAP,1AMB,1AMC,1AML,1BA4,1BA6,1BJB,1BJC,1BRC,1CA0,1HZ3,1IYT,1MWP,1OWT,1QCM,1QWP,1QXC,1QYT,1TAW,1TKN,1UO7,1UO8,1UOA,1UOI,1X11,1Z0Q,1ZE7,1ZE9,1ZJD,2BEG,2BOM,2BP4,2FJZ,2FK1,2FK2,2FK3,2FKL,2FMA,2G47,2IPU,2LFM,2LLM,2LMN,2LMO,2LMP,2LMQ,2LNQ,2LOH,2LP1,2LZ3,2LZ4,2M4J,2M9R,2M9S,2MGT,2MJ1,2MPZ,2MVX,2MXU,2NAO,2OTK,2R0W,2WK3,2Y29,2Y2A,2Y3J,2Y3K,2Y3L,3AYU,3BAE,3BKJ,3DXC,3DXD,3DXE,3GCI,3IFL,3IFN,3IFO,3IFP,3JQ5,3JQL,3JTI,3KTM,3L33,3L81,3MOQ,3MXC,3MXY,3NYJ,3NYL,3OVJ,3OW9,3PZZ,3Q2X,3SV1,3U0T,3UMH,3UMI,3UMK,4HIX,4JFN,4M1C,4MDR,4MVI,4MVK,4MVL,4NGE,4OJF,4ONF,4ONG,4PQD,4PWQ,4XXD,5AEF,5AM8,5AMB,5BUO,5C67,5CSZ,5HOW,5HOX,5HOY,5KK3,5LFY,5LV0,5MY4,5MYO,5MYX,5ONP,5ONQ,5OQV,5TXD,5VOS,5VZY,5W3P,6CO3,6GFI,6ITU,6IYC,6NB9,6O4J,6OC9,6OIZ,6RHY,6SHS"
104,Dipeptidyl peptidase 4,"1J2E,1N1M,1NU6,1NU8,1PFQ,1R9M,1R9N,1RWQ,1TK3,1TKR,1U8E,1W1I,1WCY,1X70,2AJL,2BGN,2BGR,2BUB,2FJP,2G5P,2G5T,2G63,2HHA,2I03,2I78,2IIT,2IIV,2JID,2OAG,2OGZ,2OLE,2ONC,2OPH,2OQI,2OQV,2P8S,2QJR,2QKY,2QOE,2QT9,2QTB,2RGU,2RIP,3BJM,3C43,3C45,3CCB,3CCC,3D4L,3EIO,3F8S,3G0B,3G0C,3G0D,3G0G,3H0C,3HAB,3HAC,3KWF,3KWJ,3NOX,3O95,3O9V,3OC0,3OPM,3Q0T,3Q8W,3QBJ,3SWW,3SX4,3VJK,3VJL,3VJM,3W2T,3WQH,4A5S,4DSA,4DSZ,4DTC,4G1F,4J3J,4JH0,4KR0,4L72,4LKO,4N8D,4N8E,4PNZ,4PV7,4QZV,5I7U,5ISM,5J3J,5KBY,5T4B,5T4E,5T4F,5T4H,5Y7H,5Y7J,5Y7K,5ZID,6B1E,6B1O"
101,"HLA class II histocompatibility antigen, DR alpha chain","1A6A,1AQD,1BX2,1D5M,1D5X,1D5Z,1D6E,1DLH,1FV1,1FYT,1H15,1HQR,1HXY,1J8H,1JWM,1JWS,1JWU,1KG0,1KLG,1KLU,1LO5,1PYW,1R5I,1SEB,1SJE,1SJH,1T5W,1T5X,1YMM,1ZGL,2FSE,2G9H,2IAM,2IAN,2ICW,2IPK,2OJE,2Q6W,2SEB,2WBJ,2XN9,3C5J,3L6F,3O6F,3PDO,3PGC,3PGD,3QXA,3QXD,3S4S,3S5L,3T0E,4AEN,4AH2,4C56,4E41,4FQX,4GBX,4H1L,4H25,4H26,4I5B,4IS6,4MCY,4MCZ,4MD0,4MD4,4MD5,4MDI,4MDJ,4OV5,4X5W,4X5X,4Y19,4Y1A,5JLZ,5LAX,5NI9,5NIG,5V4M,5V4N,6ATF,6ATI,6ATZ,6BIJ,6BIL,6BIN,6BIR,6BIV,6BIX,6BIY,6BIZ,6CPL,6CPN,6CPO,6CQJ,6CQL,6CQN,6CQQ,6CQR,6NIX"
100,Induced myeloid leukemia cell differentiation protein Mcl-1,"2KBW,2MHS,2NL9,2NLA,2PQK,3D7V,3IO9,3KJ0,3KJ1,3KJ2,3KZ0,3MK8,3PK1,3TWU,3WIX,3WIY,4BPI,4BPJ,4HW2,4HW3,4HW4,4OQ5,4OQ6,4WGI,4WMR,4WMS,4WMT,4WMU,4WMV,4WMW,4WMX,4ZBF,4ZBI,5C3F,5C6H,5FC4,5FDO,5FDR,5IEZ,5IF4,5JSB,5KU9,5LOF,5MES,5MEV,5UUM,5VKC,5VX2,5W89,5W8F,6B4L,6B4U,6BW2,6BW8,6FS0,6FS1,6FS2,6MBD,6MBE,6NE5,6O4U,6O6F,6O6G,6OQB,6OQC,6OQD,6OQN,6OVC,6P3P,6QB3,6QB4,6QB6,6QFC,6QFI,6QFM,6QFQ,6QGD,6QXJ,6QYK,6QYL,6QYN,6QYO,6QYP,6QZ5,6QZ6,6QZ7,6QZ8,6QZB,6U63,6U64,6U65,6U67,6U6F,6UD2,6UDI,6UDT,6UDU,6UDV,6UDX,6UDY"
88,"HLA class II histocompatibility antigen, DRB1 beta chain","1A6A,1AQD,1BX2,1D5M,1D5X,1D5Z,1D6E,1DLH,1FYT,1HXY,1J8H,1JWM,1JWS,1JWU,1KG0,1KLG,1KLU,1LO5,1PYW,1R5I,1SEB,1SJE,1SJH,1T5W,1T5X,1YMM,2FSE,2G9H,2IAM,2IAN,2ICW,2IPK,2OJE,2SEB,2WBJ,2XN9,3L6F,3O6F,3PDO,3PGC,3PGD,3QXA,3QXD,3S4S,3S5L,3T0E,4AEN,4AH2,4C56,4E41,4FQX,4GBX,4I5B,4IS6,4MCY,4MCZ,4MD0,4MD4,4MD5,4MDI,4MDJ,4OV5,4X5W,4X5X,4Y19,4Y1A,5JLZ,5LAX,5NI9,5NIG,6BIJ,6BIL,6BIN,6BIR,6BIV,6BIX,6BIY,6BIZ,6CPL,6CPN,6CPO,6CQJ,6CQL,6CQN,6CQQ,6CQR,6HBY,6NIX"
85,Hepatocyte growth factor receptor,"1FYR,1R0P,1R1W,1SHY,1SSL,1UX3,2G15,2RFN,2RFS,2UZX,2UZY,2WD1,2WGJ,2WKM,3A4P,3BUX,3C1X,3CCN,3CD8,3CE3,3CTH,3CTJ,3DKC,3DKF,3DKG,3EFJ,3EFK,3F66,3F82,3I5N,3L8V,3LQ8,3Q6U,3Q6W,3QTI,3R7O,3RHK,3U6H,3U6I,3VW8,3ZBX,3ZC5,3ZCL,3ZXZ,3ZZE,4AOI,4AP7,4DEG,4DEH,4DEI,4EEV,4GG5,4GG7,4IWD,4K3J,4KNB,4MXC,4O3T,4O3U,4R1V,4R1Y,4XMO,4XYF,5DG5,5EOB,5EYC,5EYD,5HLW,5HNI,5HO6,5HOA,5HOR,5HTI,5LSP,5T3Q,5UAB,5UAD,5YA5,6GCU,6I04,6SD9,6SDC,6SDD,6SDE,6UBW"
80,Bcl-2-like protein 1,"1BXL,1G5J,1LXL,1MAZ,1R2D,1R2E,1R2G,1R2H,1R2I,1YSG,1YSI,1YSN,2B48,2LP8,2LPC,2M03,2M04,2ME8,2ME9,2MEJ,2O1Y,2O2M,2O2N,2P1L,2PON,2YJ1,2YQ6,2YQ7,2YXJ,3CVA,3FDL,3FDM,3INQ,3IO8,3PL7,3QKD,3R85,3SP7,3SPF,3WIZ,3ZK6,3ZLN,3ZLO,3ZLR,4A1U,4A1W,4AQ3,4BPK,4C52,4C5D,4CIN,4EHR,4HNJ,4IEH,4PPI,4QVE,4QVF,4QVX,4TUH,4Z9V,5AGW,5AGX,5B1Z,5C3G,5FMJ,5FMK,5VAY,5VX3,6BF2,6DCN,6DCO,6F46,6HJL,6IJQ,6O0K,6O0L,6O0M,6O0O,6O0P,6RNU"
77,Glutamate carboxypeptidase 2,"1Z8L,2C6C,2C6G,2C6P,2CIJ,2JBJ,2JBK,2OOT,2OR4,2PVV,2PVW,2XEF,2XEG,2XEI,2XEJ,3BHX,3BI0,3BI1,3BXM,3D7D,3D7F,3D7G,3D7H,3IWW,3RBU,3SJE,3SJF,3SJG,3SJX,4JYW,4JZ0,4LQG,4MCP,4MCQ,4MCR,4MCS,4NGM,4NGN,4NGP,4NGQ,4NGR,4NGS,4NGT,4OC0,4OC1,4OC2,4OC3,4OC4,4OC5,4OME,4P44,4P45,4P4B,4P4D,4P4E,4P4F,4P4I,4P4J,4W9Y,4X3R,5D29,5ELY,5F09,5O5R,5O5T,5O5U,5OF0,6ETY,6EZ9,6F5L,6FE5,6H7Y,6H7Z,6HKJ,6HKZ,6RBC,6S1X"
77,Ephrin type-A receptor 2,"1MQB,2E8N,2K9Y,2KSO,2X10,2X11,3C8X,3CZU,3FL7,3HEI,3HPN,3KKA,3MBW,3MX0,3SKJ,4P2K,4PDO,4TRL,5EK7,5I9U,5I9V,5I9W,5I9X,5I9Y,5I9Z,5IA0,5IA1,5IA2,5IA3,5IA4,5IA5,5NJZ,5NK0,5NK1,5NK2,5NK3,5NK4,5NK5,5NK6,5NK7,5NK8,5NK9,5NKA,5NKB,5NKC,5NKD,5NKE,5NKF,5NKG,5NKH,5NKI,5NZ9,6B9L,6F7M,6F7N,6FNF,6FNG,6FNH,6HES,6HET,6HEU,6HEV,6HEW,6HEX,6HEY,6NJZ,6NK0,6NK1,6NK2,6NKP,6Q7B,6Q7C,6Q7D,6Q7E,6Q7F,6Q7G,6RW2"
73,Integrin beta-3,"1JV2,1KUP,1KUZ,1L5G,1M1X,1M8O,1MIZ,1MK7,1MK9,1RN0,1S4X,1TYE,1U8C,2INI,2K9J,2KNC,2KV9,2L1C,2L91,2LJD,2LJE,2LJF,2MTP,2N9Y,2Q6W,2RMZ,2RN0,2VC2,2VDK,2VDL,2VDM,2VDN,2VDO,2VDP,2VDQ,2VDR,3FCS,3FCU,3IJE,3NID,3NIF,3NIG,3T3M,3T3P,3ZDX,3ZDY,3ZDZ,3ZE0,3ZE1,3ZE2,4CAK,4G1E,4G1M,4MMX,4MMY,4MMZ,4O02,4Z7N,4Z7O,4Z7Q,5HDB,6AVQ,6AVR,6AVU,6BXB,6BXF,6BXJ,6CKB,6MK0,6MSL,6MSU,6NAJ,6V4P"
73,"Dihydroorotate dehydrogenase (quinone), mitochondrial","1D3G,1D3H,2B0M,2BXV,2FPT,2FPV,2FPY,2FQI,2PRH,2PRL,2PRM,2WV8,3F1Q,3FJ6,3FJL,3G0U,3G0X,3KVJ,3KVK,3KVL,3KVM,3U2O,3W7R,3ZWS,3ZWT,4IGH,4JGD,4JS3,4JTS,4JTT,4JTU,4LS0,4LS1,4LS2,4OQV,4RK8,4RKA,4RLI,4RR4,4YLW,4ZL1,4ZMG,5H2Z,5H73,5HIN,5HQE,5K9C,5K9D,5MUT,5MVC,5MVD,5TCE,5ZF4,5ZF7,5ZF8,5ZF9,5ZFA,5ZFB,6CJF,6CJG,6ET4,6FMD,6GK0,6IDJ,6J3B,6J3C,6JMD,6JME,6LZL,6OC0,6OC1,6QU7,6SYP"
66,T-cell surface glycoprotein CD4,"1CDH,1CDI,1CDJ,1CDU,1CDY,1G9M,1G9N,1GC1,1JL4,1OPN,1OPT,1OPW,1Q68,1RZJ,1RZK,1WBR,1WIO,1WIP,1WIQ,2B4C,2JKR,2JKT,2KLU,2NXY,2NXZ,2NY0,2NY1,2NY2,2NY3,2NY4,2NY5,2NY6,2QAD,3B71,3CD4,3J70,3JCB,3JCC,3JWD,3JWO,3LQA,3O2D,3S4S,3S5L,3T0E,4H8W,4JM2,4P9H,4Q6I,4R2G,4R4H,4RQS,5A7X,5A8H,5CAY,5THR,5U1F,5VN3,6CM3,6EDU,6MEO,6MET,6QH6,6QH7,6U0L,6U0N"
66,Fibroblast growth factor receptor 1,"1AGW,1CVS,1EVT,1FGI,1FGK,1FQ9,1XR0,2CR3,2FGI,3C4F,3DPK,3GQI,3GQL,3JS2,3KRJ,3KRL,3KXX,3KY2,3OJV,3RHX,3TT0,4F63,4F64,4F65,4NK9,4NKA,4NKS,4RWI,4RWJ,4RWK,4RWL,4UWB,4UWC,4UWY,4V01,4V04,4V05,4WUN,4ZSA,5A46,5A4C,5AM6,5AM7,5B7V,5EW8,5FLF,5O49,5O4A,5UQ0,5UR1,5VND,5W21,5W59,5Z0S,5ZV2,6C18,6C19,6C1B,6C1C,6C1O,6ITJ,6MZQ,6MZW,6NVL,6P68,6P69"
61,ALK tyrosine kinase receptor,"2KUP,2KUQ,2XB7,2XBA,2XP2,2YFX,2YHV,2YJR,2YJS,2YS5,2YT2,3AOX,3L9P,3LCS,3LCT,4ANL,4ANQ,4ANS,4CCB,4CCU,4CD0,4CLI,4CLJ,4CMO,4CMT,4CMU,4CNH,4CTB,4CTC,4DCE,4FNW,4FNX,4FNY,4FNZ,4FOB,4FOC,4FOD,4JOA,4MKC,4TT7,4Z55,5A9U,5AA8,5AA9,5AAA,5AAB,5AAC,5FTO,5FTQ,5IMX,5IUG,5IUH,5IUI,5KZ0,5VZ5,6AT9,6CDT,6E0R,6EBW,6EDL,6MX8"
52,Vascular endothelial growth factor receptor 2,"1VR2,1Y6A,1Y6B,1YWN,2M59,2MET,2MEU,2OH4,2P2H,2P2I,2QU5,2QU6,2RL5,2X1W,2X1X,2XIR,3B8Q,3B8R,3BE2,3C7Q,3CJF,3CJG,3CP9,3CPB,3CPC,3DTW,3EFL,3EWH,3KVQ,3S35,3S36,3S37,3U6J,3V2A,3V6B,3VHE,3VHK,3VID,3VNT,3VO3,3WZD,3WZE,4AG8,4AGC,4AGD,4ASD,4ASE,5EW3,5OYJ,6GQO,6GQP,6GQQ"
51,High affinity nerve growth factor receptor,"1HE7,1SHC,1WWA,1WWW,2IFG,2N90,4AOJ,4CRP,4F0I,4GT5,4PMM,4PMP,4PMS,4PMT,4YNE,4YPS,5H3Q,5I8A,5JFS,5JFV,5JFW,5JFX,5KMI,5KMJ,5KMK,5KML,5KMM,5KMN,5KMO,5KVT,5WR7,6D1Y,6D1Z,6D20,6D22,6DKB,6DKG,6DKI,6DKW,6IQN,6J5L,6NPT,6NSP,6NSS,6PL1,6PL2,6PL3,6PMA,6PMB,6PMC,6PME"
51,Adenosine receptor A2a,"1MMH,1UPE,2YDO,2YDV,3EML,3PWH,3QAK,3REY,3RFM,3UZA,3UZC,3VG9,3VGA,4EIY,4UG2,4UHR,5G53,5IU4,5IU7,5IU8,5IUA,5IUB,5JTB,5K2A,5K2B,5K2C,5K2D,5MZJ,5MZP,5N2R,5NLX,5NM2,5NM4,5OLG,5OLH,5OLO,5OLV,5OLZ,5OM1,5OM4,5UIG,5UVI,5VRA,5WF5,5WF6,6AQF,6GDG,6GT3,6JZH,6MH8,6PS7"
49,Tissue factor,"1AHW,1BOY,1DAN,1FAK,1J9C,1JPS,1NL8,1O5D,1TFH,1UJ3,1W0Y,1W2K,1WQV,1WSS,1WTG,1WUN,1WV7,1Z6J,2A2Q,2AEI,2AER,2B7D,2B8O,2C4F,2CEF,2CEH,2CEZ,2CFJ,2EC9,2F9B,2FIR,2FLB,2FLR,2HFT,2PUQ,2ZP0,2ZWL,2ZZU,3ELA,3TH2,3TH3,3TH4,4IBL,4M7L,4YLQ,4Z6A,4ZMA,5W06,6R2W"
47,Angiotensin-converting enzyme,"1O86,1O8A,1UZE,1UZF,2C6F,2C6N,2IUL,2IUX,2OC2,2XY9,2XYD,2YDM,3BKK,3BKL,3L3N,3NXQ,4APH,4APJ,4BXK,4BZR,4BZS,4C2N,4C2O,4C2P,4C2Q,4C2R,4CA5,4CA6,4UFA,4UFB,5AM8,5AM9,5AMA,5AMB,5AMC,6EN5,6EN6,6F9R,6F9T,6F9U,6F9V,6H5W,6H5X,6QS1,6TT1,6TT3,6TT4"
47,Amine oxidase [flavin-containing] B,"1GOS,1H8R,1OJ9,1OJA,1OJC,1OJD,1S2Q,1S2Y,1S3B,1S3E,2BK3,2BK4,2BK5,2BYB,2C64,2C65,2C66,2C67,2C70,2C72,2C73,2C75,2C76,2V5Z,2V60,2V61,2VRL,2VRM,2VZ2,2XCG,2XFN,2XFO,2XFP,2XFQ,2XFU,3PO7,3ZYX,4A79,4A7A,4CRT,5MRL,6FVZ,6FW0,6FWC,6RKB,6RKP,6RLE"
45,Major histocompatibility complex class I-related gene protein,"4GUP,4L4T,4L4V,4LCW,4NQC,4NQD,4NQE,4PJ5,4PJ7,4PJ8,4PJ9,4PJA,4PJB,4PJC,4PJD,4PJE,4PJF,4PJG,4PJH,4PJI,4PJX,5D5M,5D7I,5D7J,5D7L,5U16,5U17,5U1R,5U2V,5U6Q,5U72,6MWR,6PUC,6PUD,6PUE,6PUF,6PUG,6PUH,6PUI,6PUJ,6PUK,6PUL,6PUM,6PVC,6PVD"
43,Integrin alpha-IIb,"1DPK,1DPQ,1JX5,1KUP,1KUZ,1M8O,1RN0,1S4W,1TYE,1UV9,2K1A,2K9J,2KNC,2MTP,2N9Y,2VC2,2VDK,2VDL,2VDM,2VDN,2VDO,2VDP,2VDQ,2VDR,3FCS,3FCU,3NID,3NIF,3NIG,3T3M,3T3P,3ZDX,3ZDY,3ZDZ,3ZE0,3ZE1,3ZE2,4CAK,4Z7N,4Z7O,4Z7Q,5HDB,6V4P"
43,Fibroblast growth factor receptor 2,"1DJS,1E0O,1EV2,1GJO,1II4,1IIL,1NUN,1OEC,1WVZ,2FDB,2PSQ,2PVF,2PVY,2PWL,2PY3,2PZ5,2PZP,2PZR,2Q0B,3B2T,3CAF,3CLY,3CU1,3DAR,3EUU,3OJ2,3OJM,3RI1,4J23,4J95,4J96,4J97,4J98,4J99,4WV1,5EG3,5UGL,5UGX,5UHN,5UI0,6AGX,6LVK,6LVL"
43,Cytochrome P450 3A4,"1TQN,1W0E,1W0F,1W0G,2J0D,2V0M,3NXU,3TJS,3UA1,4D6Z,4D75,4D78,4D7D,4I3Q,4I4G,4I4H,4K9T,4K9U,4K9V,4K9W,4K9X,4NY4,5A1P,5A1R,5G5J,5TE8,5VC0,5VCC,5VCD,5VCE,5VCG,6BCZ,6BD5,6BD6,6BD7,6BD8,6BDH,6BDI,6BDK,6BDM,6OO9,6OOA,6OOB"
42,ADP-ribosyl cyclase/cyclic ADP-ribose hydrolase 1,"1YH3,1ZVM,2EF1,2HCT,2I65,2I66,2I67,2O3Q,2O3R,2O3S,2O3T,2O3U,2PGJ,2PGL,3DZF,3DZG,3DZH,3DZI,3DZJ,3DZK,3F6Y,3I9M,3I9N,3OFS,3RAJ,3ROK,3ROM,3ROP,3ROQ,3U4H,3U4I,4CMH,4F45,4F46,4OGW,4TMF,4XJS,4XJT,5F1K,5F1O,5F21,6EDR"
40,Corticosteroid 11-beta-dehydrogenase isozyme 1,"1XU7,1XU9,2BEL,2ILT,2IRW,2RBE,3BYZ,3BZU,3CH6,3CZR,3D3E,3D4N,3D5Q,3EY4,3FCO,3FRJ,3H6K,3HFG,3OQ1,3PDJ,3QQP,3TFQ,4BB5,4BB6,4C7J,4C7K,4HFR,4HX5,4IJU,4IJV,4IJW,4K1L,4P38,4YYZ,5PGU,5PGV,5PGW,5PGX,5PGY,5QII"
39,TGF-beta receptor type-1,"1B6C,1IAS,1PY5,1RW8,1TBI,1VJY,2L5S,2PJY,2WOT,2WOU,2X7O,3FAA,3GXL,3HMM,3KCF,3KFD,3TZM,4X0M,4X2F,4X2G,4X2J,4X2K,4X2N,5E8S,5E8T,5E8U,5E8W,5E8X,5E8Z,5E90,5FRI,5QIK,5QIL,5QIM,5QTZ,5QU0,5USQ,6B8Y,6MAC"
39,Integrin alpha-L,"1CQP,1DGQ,1IJ4,1LFA,1MJN,1MQ8,1MQ9,1MQA,1RD4,1T0P,1XDD,1XDG,1XUO,1ZON,1ZOO,1ZOP,2ICA,2K8O,2M3E,2O7N,3BN3,3BQM,3BQN,3E2M,3EOA,3EOB,3F74,3F78,3HI6,3M6F,3TCX,4IXD,5E6R,5E6S,5E6U,6BXB,6BXF,6BXJ,6CKB"
37,Cystic fibrosis transmembrane conductance regulator,"1NBD,1XMI,1XMJ,2BBO,2BBS,2BBT,2LOB,2PZE,2PZF,2PZG,3GD7,3ISW,4WZ6,5D2D,5D3E,5D3F,5TF7,5TF8,5TFA,5TFB,5TFC,5TFD,5TFF,5TFG,5TFI,5TFJ,5TGK,5UAK,6GJQ,6GJS,6GJU,6GK4,6GKD,6HEP,6MSM,6O1V,6O2P"
36,Insulin receptor,"1GAG,1I44,1IR3,1IRK,1P14,1RQQ,2AUH,2B4S,2HR7,2MFR,2Z8C,3BU3,3BU5,3BU6,3EKK,3EKN,3ETA,3W11,3W12,3W13,4IBM,4OGA,4XLV,4XSS,4XST,4ZXB,5E1S,5HHW,5J3H,5KQV,5U1M,6HN4,6HN5,6PXV,6PXW,6SOF"
35,Beta-2 adrenergic receptor,"1GQ4,2R4R,2R4S,2RH1,3D4S,3KJ6,3NY8,3NY9,3NYA,3P0G,3PDS,3SN6,4GBR,4LDE,4LDL,4LDO,4QKX,5D5A,5D5B,5D6L,5JQH,5X7D,6E67,6MXT,6N48,6NI3,6OBA,6PRZ,6PS0,6PS1,6PS2,6PS3,6PS4,6PS5,6PS6"
34,Stimulator of interferon genes protein,"4EF4,4EF5,4EMT,4EMU,4F5D,4F5E,4F5W,4F5Y,4F9E,4F9G,4KSY,4LOH,4LOI,4QXO,4QXP,4QXQ,4QXR,5BQX,5JEJ,6CFF,6CY7,6DNK,6DXG,6DXL,6MX0,6MX3,6MXE,6NT5,6O8B,6O8C,6RM0,6S26,6S27,6S86"
34,Receptor tyrosine-protein kinase erbB-2,"1MFG,1MFL,1MW4,1N8Z,1OVC,1QR1,1S78,2A91,2JWA,2KS1,2L4K,2N2A,3BE1,3H3B,3MZW,3N85,3PP0,3RCD,3WLW,3WSQ,4GFU,4HRL,4HRM,4HRN,5K33,5KWG,5MY6,5O4G,5OB4,5TQS,6ATT,6BGT,6J71,6OGE"
33,Low-density lipoprotein receptor,"1AJJ,1D2J,1F5Y,1F8Z,1HJ7,1HZ8,1I0U,1IJQ,1LDL,1LDR,1LRX,1N7D,1XFE,2FCW,2KRI,2LGP,2M7P,2MG9,2W2M,2W2N,2W2O,2W2P,2W2Q,3BPS,3GCW,3GCX,3M0C,3P5B,3P5C,3SO6,4NE9,5OY9,5OYL"
32,Programmed cell death 1 ligand 1,"3BIK,3BIS,3FN3,3SBW,4Z18,4ZQK,5C3T,5GGT,5GRJ,5IUS,5J89,5J8O,5JDR,5JDS,5N2D,5N2F,5NIU,5O45,5O4Y,5X8L,5X8M,5XJ4,5XXY,6NM7,6NM8,6NNV,6NOJ,6NOS,6NP9,6PV9,6R3K,6RPG"
32,Integrin alpha-V,"1JV2,1L5G,1M1X,1U8C,3IJE,4G1E,4G1M,4MMX,4MMY,4MMZ,4O02,4UM8,4UM9,5FFG,5FFO,5NEM,5NER,5NET,5NEU,6AVQ,6AVR,6AVU,6DJP,6MK0,6MSL,6MSU,6NAJ,6OM1,6OM2,6UJA,6UJB,6UJC"
30,Insulin-like growth factor 1 receptor,"1IGR,1JQH,1K3A,1M7N,1P4O,2OJ9,2ZM3,3D94,3F5P,3I81,3LVP,3LW0,3NW5,3NW6,3NW7,3O23,3QQU,4D2R,4XSS,5FXQ,5FXR,5FXS,5HZN,5U8Q,5U8R,6JK8,6VWG,6VWH,6VWI,6VWJ"
29,Squalene synthase,"1EZF,3ASX,3LEE,3Q2Z,3Q30,3V66,3VJ8,3VJ9,3VJA,3VJB,3VJC,3WC9,3WCD,3WCF,3WCH,3WCI,3WCJ,3WCL,3WCM,3WEF,3WEG,3WEH,3WEI,3WEJ,3WEK,3WSA,6PYV,6PYW,6PZ5"
29,Fibroblast growth factor receptor 4,"1QCT,4QQ5,4QQC,4QQJ,4QQT,4QRC,4R6V,4TYE,4TYG,4TYI,4TYJ,4UXQ,4XCU,5JKG,5NUD,5NWZ,5XFF,5XFJ,6IUO,6IUP,6J6Y,6JPE,6JPJ,6NVG,6NVH,6NVI,6NVJ,6NVK,6V9C"
28,Proto-oncogene tyrosine-protein kinase receptor Ret,"1XPD,2IVS,2IVT,2IVU,2IVV,2X2K,2X2L,2X2M,2X2U,4CKI,4CKJ,4UX8,5AMN,5FM2,5FM3,6FEK,6GL7,6I82,6I83,6NE7,6NEC,6NJA,6Q2J,6Q2N,6Q2O,6Q2R,6Q2S,6VHG"
28,Ephrin type-A receptor 3,"2GSF,2QO2,2QO7,2QO9,2QOB,2QOC,2QOD,2QOF,2QOI,2QOK,2QOL,2QON,2QOO,2QOQ,3DZQ,3FXX,3FY2,4G2F,4GK2,4GK3,4GK4,4L0P,4P4C,4P5Q,4P5Z,4TWN,4TWO,6IN0"
27,Tumor necrosis factor,"1A8M,1TNF,2AZ5,2E7A,2TUN,2ZJC,2ZPX,3ALQ,3IT8,3L9J,3WD5,4G3Y,4TSV,4TWT,4Y6O,5M2I,5M2J,5M2M,5MU8,5TSW,5UUI,5WUX,5YOY,6OOY,6OOZ,6OP0,6RMJ"
27,Apoptosis regulator Bcl-2,"1G5M,1GJH,1YSW,2O21,2O22,2O2F,2W3L,2XA0,4AQ3,4IEH,4LVT,4LXD,4MAN,5AGW,5AGX,5FCG,5JSN,5VAU,5VAX,5VAY,6GL8,6IWB,6O0K,6O0L,6O0M,6O0O,6O0P"
26,Mast/stem cell growth factor receptor Kit,"1PKG,1QZJ,1QZK,1R01,1T45,1T46,2E9W,2EC8,2IUH,2VIF,3G0E,3G0F,4HVS,4K94,4K9E,4PGZ,4U0I,6GQJ,6GQK,6GQL,6GQM,6HH1,6ITT,6ITV,6KLA,6MOB"
25,Bcl-2 homologous antagonist/killer,"1BXL,2IMS,2IMT,2JBY,2JCN,2LP8,2M5B,2XPX,2YV6,3I1H,3QBR,4D2L,4U2U,4U2V,4UF1,5AJK,5FMI,5FMK,5VWV,5VWW,5VWX,5VWY,5VWZ,5VX0,5VX1"
24,Toll-like receptor 8,"3W3G,3W3J,3W3K,3W3L,3W3M,3W3N,3WN4,4QBZ,4QC0,4R07,4R08,4R09,4R0A,4R6A,5AWA,5AWB,5AWC,5AWD,5AZ5,5HDH,5WYX,5WYZ,5Z14,5Z15"
24,Neurogenic locus notch homolog protein 1,"1PB5,1TOZ,1YYH,2F8X,2F8Y,2HE0,2VJ3,3ETO,3I08,3L95,3NBN,3V79,4CUD,4CUE,4CUF,4D0E,4D0F,5FM9,5FMA,5KZO,5L0R,5UB5,6IDF,6PY8"
24,Complement decay-accelerating factor,"1H03,1H04,1H2P,1H2Q,1M11,1NWV,1OJV,1OJW,1OJY,1OK1,1OK2,1OK3,1OK9,1UOT,1UPN,2C8I,2QZD,2QZF,2QZH,3IYP,3J24,5FOA,6ILJ,6ILK"
24,Carbonic anhydrase 12,"1JCZ,1JD0,4HT2,4KP5,4KP8,4Q0L,4QJ0,4QJO,4QJW,4WW8,5LL5,5LL9,5LLO,5LLP,5MSA,5MSB,6G5L,6G7A,6QN0,6QNG,6QNL,6R6Y,6R71,6RPS"
24,Apoptosis regulator BAX,"1F16,2G5B,2K7W,2LR1,3PK1,3PL7,4BD2,4BD6,4BD7,4BD8,4BDU,4S0O,4S0P,4UF2,4ZIE,4ZIF,4ZIG,4ZIH,4ZII,5W5X,5W5Z,5W60,5W61,6EB6"
23,Suppressor of tumorigenicity 14 protein,"1EAW,1EAX,2FMV,2GV6,2GV7,3BN9,3NCL,3NPS,3P8F,3P8G,3SO3,4IS5,4ISL,4ISN,4ISO,4JYT,4JZ1,4JZI,4O97,4O9V,4R0I,5LYO,6N4T"
23,Low affinity immunoglobulin epsilon Fc receptor,"1HLI,1KJE,1T8C,1T8D,2H2R,2H2T,4EZM,4G96,4G9A,4GI0,4GJ0,4GJX,4GK1,4GKO,4J6J,4J6K,4J6L,4J6M,4J6N,4J6P,4J6Q,4KI1,5LGK"
23,Ephrin type-B receptor 4,"2BBA,2E7H,2HLE,2QKQ,2VWU,2VWV,2VWW,2VWX,2VWY,2VWZ,2VX0,2VX1,2X9F,2XVD,2YN8,3ZEW,4AW5,4BB4,6FNI,6FNJ,6FNK,6FNL,6FNM"
23,Disintegrin and metalloproteinase domain-containing protein 17,"1BKC,1ZXC,2A8H,2DDF,2FV5,2FV9,2I47,2M2F,2OI0,3B92,3CKI,3E8R,3EDZ,3EWJ,3G42,3KMC,3KME,3L0T,3L0V,3LE9,3LEA,3LGP,3O64"
22,Melanoma antigen recognized by T-cells 1,"2GT9,2GTW,2GTZ,2GUO,3HG1,3L6F,3MRO,3MRP,3MRQ,3QDM,3QEQ,3QFD,4EUP,4JFF,4L3E,4QOK,4WJ5,5E9D,5NHT,5NQK,6D78,6DKP"
22,Angiotensin-converting enzyme 2,"1R42,1R4L,1XJP,2AJF,3D0G,3D0H,3D0I,3KBH,3SCI,3SCJ,3SCK,3SCL,6ACG,6ACJ,6ACK,6CS2,6LZG,6M0J,6M17,6M18,6M1D,6VW1"
22,Advanced glycosylation end product-specific receptor,"1PWI,2BJP,2E5E,2ENS,2L7U,2LE9,2LMB,2M1K,2MJW,2MOV,3CJJ,3O3U,4LP4,4LP5,4OF5,4OFV,4OI7,4OI8,4P2Y,4XYN,4YBH,5D7F"
22,3-hydroxy-3-methylglutaryl-coenzyme A reductase,"1DQ8,1DQ9,1DQA,1HW8,1HW9,1HWI,1HWJ,1HWK,1HWL,2Q1L,2Q6B,2Q6C,2R4F,3BGL,3CCT,3CCW,3CCZ,3CD0,3CD5,3CD7,3CDA,3CDB"
21,Integrin beta-2,"1JX3,1L3Y,1YUK,2JF1,2P26,2P28,2V7D,3K6S,3K71,3K72,4NEH,4NEN,5E6R,5E6S,5E6U,5E6V,5E6W,5E6X,5ES4,5XR1,5ZAZ"
21,Furin,"4OMC,4OMD,4RYD,4Z2A,5JMO,5JXG,5JXH,5JXI,5JXJ,5MIM,6A8Y,6EQV,6EQW,6EQX,6HLB,6HLD,6HLE,6HZA,6HZB,6HZC,6HZD"
21,Copper-transporting ATPase 1,"1AW0,1KVI,1KVJ,1Q8L,1S6O,1S6U,1Y3J,1Y3K,1YJR,1YJT,1YJU,1YJV,2AW0,2G9O,2GA7,2K1R,2KIJ,2KMV,2KMX,3CJK,5T7L"
21,Activin receptor type-1,"3H9R,3MTF,3OOM,3Q4U,4BGG,4C02,4DYM,5OXG,5OY6,6ACR,6EIX,6GI6,6GIN,6GIP,6I1S,6JUX,6SRH,6SZM,6T6D,6T8N,6TN8"
20,Synaptotagmin-1,"2K45,2K4A,2K8M,2KI6,2LHA,2N1T,2R83,3F00,3F01,3F04,3F05,4ISQ,4V11,6G5F,6G5K,6QNS,6TZ3,6U41,6U4U,6U4W"
20,Macrophage colony-stimulating factor 1 receptor,"2I0V,2I0Y,2I1M,2OGV,3BEA,3DPK,3KRJ,3KRL,3LCD,3LCO,4DKD,4HW7,4LIQ,4R7H,4R7I,4WRL,4WRM,6IG8,6N33,6T2W"
20,Epithelial discoidin domain-containing receptor 1,"3ZOS,4AG4,4BKJ,4CKR,5BVK,5BVN,5BVO,5BVW,5FDP,5FDX,6BRJ,6BSD,6FEW,6FEX,6FIL,6FIN,6FIO,6FIQ,6GWR,6HP9"
20,C-type lectin domain family 4 member K,"3C22,3KQG,3P5D,3P5E,3P5F,3P5G,3P5H,3P5I,3P7F,3P7G,3P7H,4AK8,4N32,4N33,4N34,4N35,4N36,4N37,4N38,5G6U"
19,Sodium-dependent serotonin transporter,"5I6X,5I6Z,5I71,5I73,5I74,5I75,6AWN,6AWO,6AWP,6AWQ,6DZV,6DZW,6DZY,6DZZ,6VRH,6VRK,6VRL,6W2B,6W2C"
19,Receptor-type tyrosine-protein phosphatase gamma,"2H4V,2HY3,2NLK,2PBN,3JXH,3QCB,3QCC,3QCD,3QCE,3QCF,3QCG,3QCH,3QCI,3QCJ,3QCK,3QCL,3QCM,3QCN,5E5R"
19,Platelet glycoprotein Ib alpha chain,"1GWB,1K13,1M0Z,1M10,1OOK,1P8V,1P9A,1QYY,1SQ0,1U0N,2BP3,3P72,3PMH,4C2A,4C2B,4CH2,4CH8,4MGX,4YR6"
19,Carbonic anhydrase 9,"2HKF,3IAI,5DVX,5FL4,5FL5,5FL6,6FE0,6FE1,6FE2,6G98,6G9U,6QN2,6QN5,6QN6,6QUT,6RQN,6RQQ,6RQU,6RQW"
19,Cadherin-1,"1O6S,2O72,2OMT,2OMU,2OMV,2OMX,2OMY,2OMZ,3FF7,3FF8,3L6X,3L6Y,4ZT1,4ZTE,6CXY,6OLE,6OLF,6OLG,6VEL"
19,"Beta-1,4-galactosyltransferase 1","2AE7,2AEC,2AES,2AGD,2AH9,2FY7,2FYA,2FYB,3EE5,4EE3,4EE4,4EE5,4EEA,4EEG,4EEM,4EEO,4L41,6FWT,6FWU"
18,Programmed cell death protein 1,"2M2D,3RRQ,4ZQK,5B8C,5GGR,5GGS,5IUS,5JXE,5WT9,6HIG,6J14,6J15,6JBT,6JJP,6K0Y,6UMT,6UMU,6UMV"
18,Neprilysin,"1DL9,1DMT,1QVD,1R1H,1R1I,1R1J,1Y8J,2QPJ,2YB9,4CTH,5JMY,6GID,6SH1,6SH2,6SUK,6SVY,6THP,6XVP"
18,Erythropoietin receptor,"1CN4,1EBA,1EBP,1EER,1ERN,2JIX,2MV6,4Y5V,4Y5X,4Y5Y,6E2Q,6MOE,6MOF,6MOH,6MOI,6MOJ,6MOK,6MOL"
18,Cation-independent mannose-6-phosphate receptor,"1E6F,1GP0,1GP3,1GQB,1JPL,1JWG,1LF8,2CNJ,2L29,2L2A,2M68,2M6T,2V5N,2V5O,2V5P,5IEI,6N5X,6N5Y"
18,C-C chemokine receptor type 5,"1ND8,1NE0,1OPN,1OPT,1OPW,2L87,2MZX,2RLL,2RRS,4MBS,5UIW,5YD3,5YD4,5YD5,5YY4,6FGP,6MEO,6MET"
17,Voltage-dependent L-type calcium channel subunit alpha-1C,"1T0J,2BE6,2F3Y,2F3Z,2LQC,3G43,3OXQ,5V2P,5V2Q,6C0A,6DAD,6DAE,6DAF,6U39,6U3A,6U3B,6U3D"
17,Neuropilin-1,"1KEX,2QQI,2QQM,2QQN,3I97,4DEQ,4RN5,5C7G,5IJR,5IYY,5J1X,5JGI,5JGQ,5JHK,5L73,6FMC,6FMF"
17,Integrin alpha-M,"1A8X,1BHO,1BHQ,1IDN,1IDO,1JLM,1M1U,1MF7,1N9Z,1NA5,2LKE,2LKJ,3Q3G,3QA3,4M76,4XW2,6RHW"
17,Integrin alpha-2,"1AOX,1DZI,1PQB,1V7P,4BJ3,5HJ2,5THP,6ND8,6ND9,6NDA,6NDB,6NDC,6NDD,6NDE,6NDF,6NDG,6NDH"
17,IgG receptor FcRn large subunit p51,"1EXU,3M17,3M1B,4K71,4N0F,4N0U,5BJT,5BXF,5WHK,6C97,6C98,6C99,6FGB,6ILM,6NHA,6QIO,6QIP"
17,"HLA class II histocompatibility antigen, DQ alpha 1 chain","1JK8,1NBN,1S9V,1UVQ,2NNA,4GG6,4OZF,4OZG,4OZH,4OZI,5KSA,5KSB,5KSU,5KSV,6MFF,6MFG,6U3M"
17,"Glutamate receptor ionotropic, NMDA 1","2HQW,2NR1,3BYA,5H8F,5H8H,5H8N,5H8Q,5I2K,5I2N,5KCJ,5KDT,5TP9,5TPA,6IRA,6IRF,6IRG,6IRH"
16,T-cell surface glycoprotein CD1b,"1GZP,1GZQ,1UQS,2H26,3OV6,3T8X,4ONO,5C9J,5L2J,5L2K,5WKE,5WKG,5WKI,5WL1,6CUG,6D64"
16,Prostaglandin E synthase,"3DWW,4AL0,4AL1,4BPM,4WAB,4YK5,4YL0,4YL1,4YL3,5BQG,5BQH,5BQI,5K0I,5T36,5T37,5TL9"
16,Potassium channel subfamily K member 9,"3P1N,3P1O,3P1P,3P1Q,3P1R,3P1S,3SMK,3SML,3SMM,3SMN,3SMO,3SP5,3SPR,3UX0,4FR3,6GHP"
16,Low-density lipoprotein receptor-related protein 6,"3S2K,3S8V,3S8Z,3S94,3SOB,3SOQ,3SOV,4A0P,4DG6,4NM5,4NM7,5AIR,5FWW,5GJE,6H15,6H16"
16,Leukotriene C4 synthase,"2PNO,2UUH,2UUI,3B29,3HKK,3LEO,3PCV,4BPM,4J7T,4J7Y,4JC7,4JCZ,4JRZ,4WAB,5HV9,6R7D"
16,"HLA class I histocompatibility antigen, alpha chain E","1KPR,1KTL,1MHE,2ESV,3AM8,3BZE,3BZF,3CDG,3CII,5W1V,5W1W,6GGM,6GH1,6GH4,6GHN,6GL1"
16,Glucagon-like peptide 1 receptor,"3C59,3C5T,3IOL,4ZGM,5E94,5NX2,5OTT,5OTU,5OTV,5OTW,5OTX,5VEW,5VEX,6B3J,6GB1,6ORV"
16,Coxsackievirus and adenovirus receptor,"1EAJ,1F5W,1JEW,1KAC,1P69,1P6A,1RSF,2J12,2J1K,2NPL,2W9L,2WBW,3J6L,3J6M,3J6N,3J6O"
16,CD81 antigen,"1G8Q,1IV5,2AVZ,3X0E,5DFV,5DFW,5M2C,5M33,5M3D,5M3T,5M4R,5TCX,6EJG,6EJM,6EK2,6U9S"
15,Chloride intracellular channel protein 1,"1K0M,1K0N,1K0O,1RK4,3O3T,3P8W,3P90,3QR6,3SWL,3TGZ,3UVH,4IQA,4JZQ,4K0G,4K0N"
